variable,varlabel,N,mean,sd,min,p1,p5,p10,p25,p50,p75,p90,p95,p99,max,skewness,kurtosis
pid,个人ID,27001,390134624,182931856,100051504,120097400,130568104,140244656,230409104,410845088,510506112,620498112,621233088,621866112,6759191552,7.6849203,243.36652
fid22,2022年家庭样本编码,27001,408113.53,292808.75,100051,111999,130506,140329,230265,410978,528822,620968,624880,746302,6769401,12.442464,243.90958
fid20,2020年家庭样本编码,27001,395777.13,285932.72,-8,-8,130228,140052,220171,410786,520209,620787,621646,740544,6929111,12.387651,254.87221
fid18,2018年家庭样本编码,27001,384226.16,275467.13,-8,-8,130012,130880,211917,410470,510661,620641,621492,748017,6817001,11.784722,247.22322
fid16,2016年家庭样本编码,27001,361911.59,184381.98,-8,-8,110114,130579,211384,370793,510037,620445,621233,717797,2845311,.59458554,8.7101421
fid14,2014年家庭样本编码,27001,360753.13,186938.55,-8,-8,-8,130333,211386,410190,510107,620460,621238,715812,2781941,.17578739,5.2831936
fid12,2012年家庭样本编码,27001,355884.31,191427.66,-8,-8,-8,120058,211190,410241,510106,620451,621233,701221,997793,-.18617187,2.4975674
fid10,2010年家庭样本编码,27001,331385.88,196309.2,-8,-8,-8,-8,140756,370404,450199,620227,620986,621665,621872,-.28612053,2.0013752
fid_base,基线家庭样本编码,27001,386899.97,154164.16,110006,120110,130571,140220,230421,410841,510392,620445,621100,621698,621872,-.16133179,2.0523906
age,年龄,27001,44.845081,19.777109,9,10,13,18,30,45,60,71,77,86,101,.10054846,2.0934606
gender,受访者性别,27001,.50020367,.50000924,0,0,0,0,0,1,1,1,1,1,1,-.00081478473,1.0000007
pid_a_f,父亲在调查中的样本编码,27001,330889824,203091248,-8,-8,-8,-8,140726208,370320192,450183104,620201088,621001088,621741184,5372111360,1.0182998,30.723623
pid_a_m,母亲在调查中的样本编码,27001,325245216,204118960,-8,-8,-8,-8,140444096,370187104,450104096,620159232,620981184,621700096,5372111360,.58094794,18.390682
selfrpt,有无自答问卷,27001,.87644905,.32907468,0,0,0,0,1,1,1,1,1,1,1,-2.287967,6.2347927
proxyrpt,有无代答问卷,27001,.12355098,.32907468,0,0,0,0,0,0,0,1,1,1,1,2.287967,6.2347927
proxy_iwmode,代答问卷模式,3336,1.9403477,.23687698,1,1,1,2,2,2,2,2,2,2,2,-3.7185018,14.827255
self_iwmode,自答问卷模式,23665,1.9642087,.18577324,1,1,2,2,2,2,2,2,2,2,2,-4.9976902,25.976908
interrupt,中断样本,558,1,0,1,1,1,1,1,1,1,1,1,1,1,,
proxytype,代答样本,3336,1.3447242,.47534952,1,1,1,1,1,1,2,2,2,2,2,.65340996,1.4269446
subsample,是否在全国再抽样样本中,27001,.68708569,.46368837,0,0,0,0,0,1,1,1,1,1,1,-.80696058,1.6511854
subpopulation,抽样子总体,27001,4.7400837,1.570019,1,1,2,2,3,6,6,6,6,6,6,-.85756958,2.3926923
psu,基线家庭初级抽样单位,27001,86.875336,53.904099,1,2,9,16,40,74,137,158,169,175,176,.069382429,1.590631
rswt_natcs22n,CFPS2022个人横截面权数（标准化）-无回答,24090,1.0210373,1.1373054,.0093198856,.053665761,.091167726,.1249386,.37841278,.81258261,1.333218,2.0072029,2.6309221,4.9304876,61.829376,12.322636,470.56934
rswt_natpn1022n,CFPS2022个人面板权数（标准化）-无回答权,18780,1.0009342,1.0319016,.0089845415,.052080337,.08893501,.12340029,.3703354,.7865212,1.3075985,2.00981,2.6762881,4.8169804,38.463795,6.0749388,126.40264
provcd22,2022年省国标码,27001,38.295803,15.440076,-9,11,13,14,23,41,51,62,62,62,65,-.15459953,2.1045911
countyid22,区县顺序码,27001,755.56201,1890.415,-9,2,12,20,48,107,154,2149,5830,8467,9992,3.3237064,13.421658
cid22,村居编码,27001,351613.81,320842.78,-9,-9,-9,-9,118200,214800,707401,877490,930619,989995,999838,.79173243,2.0402737
urban22,基于国家统计局资料的城乡分类,27001,.39294842,1.1797805,-9,-9,0,0,0,1,1,1,1,1,1,-6.4157419,51.532516
respc1pid,代答人样本编码（代答）,3336,361537152,192656400,-8,77,77,77,211791104,410931104,510359104,620286080,620943104,621662080,1796152704,-.25064611,4.0351057
tb6_a22_p,个人是否居住在家,27001,.93563199,.24541186,0,0,0,1,1,1,1,1,1,1,1,-3.5502775,13.604469
outunit22,外出单元序号,27001,-7.4636493,2.1695073,-8,-8,-8,-8,-8,-8,-8,-8,1,2,6,3.8205874,15.712859
iinterv,加载变量：个人自答长卷完访情况（1=完访，缺失代,25851,.34756875,2.3337579,-8,-8,-8,1,1,1,1,1,1,1,1,-3.29738,11.872715
iintervy,加载变量：最近一次调查个人自答长卷完访年,25851,1872.2208,525.66199,-8,-8,-8,2014,2018,2020,2020,2020,2020,2020,2020,-3.2973282,11.872506
gene,加载变量：是否属于基因成员,27001,.8921892,.31014708,0,0,0,0,1,1,1,1,1,1,1,-2.5290997,7.3963451
ibirthy,加载变量：出生年份,25851,1897.4893,389.04559,-8,-8,1936,1947,1959,1975,1991,2004,2009,2012,2012,-4.6811686,22.977514
gender_pre,加载变量：受访者性别,25851,.49862674,.50278533,-8,0,0,0,0,0,1,1,1,1,1,-.18078089,4.1361475
minzu,加载变量：民族数据是否有数据,27001,.62134737,1.806825,-8,-8,1,1,1,1,1,1,1,1,1,-4.5620618,21.812407
birthw,加载变量：出生时体重是否有数据,25851,.088197745,2.7157176,-8,-8,-8,-8,1,1,1,1,1,1,1,-2.6425922,7.9832935
huk,加载变量：最近一轮调查户口地址（1=有；缺失代表,25851,.61216199,1.8276359,-8,-8,1,1,1,1,1,1,1,1,1,-4.5000668,21.250599
birthp,加载变量：出生时家庭住址,25851,.086457007,2.7180161,-8,-8,-8,-8,1,1,1,1,1,1,1,-2.6390765,7.964725
a12p,加载变量：12岁时家庭住址,25851,-.5792039,3.4233615,-8,-8,-8,-8,1,1,1,1,1,1,1,-1.7064238,3.9118819
a12hk,加载变量：12岁时户口,25851,-.5792039,3.4233615,-8,-8,-8,-8,1,1,1,1,1,1,1,-1.7064238,3.9118819
military,加载变量：是否是退伍军人（1=是退伍军人；缺失代,25851,-7.761518,1.4455261,-8,-8,-8,-8,-8,-8,-8,-8,-8,1,1,5.8962622,35.765907
edu_last,加载变量：最近一次调查最高学历,25851,3.0304823,2.6194923,-8,-8,0,0,0,4,5,6,7,7,9,-1.3527164,6.6672502
r1_last,加载变量：最近一次调查上学阶段,25851,-1.9255348,6.2289572,-8,-8,-8,-8,-8,-8,4,5,6,7,9,.093311295,1.1000286
respscale_times,加载变量：责任感量表回答次数（缺失代表从未回答过,25851,-6.0047965,4.0517993,-8,-8,-8,-8,-8,-8,-8,2,3,4,5,1.5786325,3.5979688
train,加载变量：是否乘坐过火车,25851,-4.0847163,4.4619365,-8,-8,-8,-8,-8,-8,1,1,1,1,1,.26209587,1.0686942
plane,加载变量：是否乘坐过飞机,25851,-7.4133687,2.2216513,-8,-8,-8,-8,-8,-8,-8,-8,1,1,1,3.5230052,13.411566
marriage_last,加载变量：最近一次访问婚姻状态,25851,.61900896,3.6201918,-8,-8,-8,-8,1,2,2,2,4,5,5,-1.8003561,4.7489009
retire,加载变量：是否已退休,25851,-6.6718116,3.1921787,-8,-8,-8,-8,-8,-8,-8,1,1,1,1,1.9872776,4.9492726
pension,加载变量：是否已经办理养老金领取手续（1=是，缺,27001,-6.9853711,2.8464873,-8,-8,-8,-8,-8,-8,-8,1,1,1,1,2.4489381,6.9972973
firstj_last,加载变量：是否采集第一份工作信息,25851,-2.3815713,4.358882,-8,-8,-8,-8,-8,1,1,1,1,1,1,-.51318222,1.263356
child16n,加载变量：访问当年家庭中16岁以下子女的数量（从,25851,1.3714364,1.4737349,-8,0,0,0,0,1,2,3,4,6,11,1.4122496,6.024035
mother_dead,加载变量：最近一次调查母亲已去世,25851,-5.1225486,4.1973825,-8,-8,-8,-8,-8,-8,1,1,1,1,1,.77313894,1.5977439
father_dead,加载变量：最近一次调查父亲已去世,25851,-4.3980503,4.4095645,-8,-8,-8,-8,-8,-8,1,1,1,1,1,.4073272,1.1659155
znjz2020,加载变量：2020年回答子女价值量表（1=是，缺,25851,-2.8923059,4.4588652,-8,-8,-8,-8,-8,1,1,1,1,1,1,-.27258322,1.0743016
party,加载变量：是否是共产党员（1=是，缺失代表不是或,27001,-7.2463613,2.4929917,-8,-8,-8,-8,-8,-8,-8,-8,1,1,1,3.0055702,10.033451
hand,加载变量：2020年P103题习惯用手是否已回答,25851,-7.0098643,2.8162315,-8,-8,-8,-8,-8,-8,-8,1,1,1,1,2.4926445,7.2132769
smokeage,加载变量：开始吸烟的年龄,25851,-5.0637112,4.219656,-8,-8,-8,-8,-8,-8,1,1,1,1,1,.74117017,1.5493332
fml_count,加载变量：家庭成员人数,25851,3.1025105,3.9202018,-8,-8,-8,1,2,4,5,6,7,10,16,-1.5810128,6.0118642
wordlist,加载变量：最近一次完成的字词测试题组编号（缺失代,25851,3.9206221,2.3317266,-8,1,1,1,2,4,6,8,8,8,8,.34503898,1.9137257
mathlist,加载变量：最近一次完成的数学测试题组编号（缺失代,25851,2.2416153,1.0996548,-8,1,1,1,1,2,3,4,4,4,4,.27543169,2.6643963
ses14,加载变量：是否已采集14岁时父母的信息（1=是，,25850,-1.3281624,3.9412844,-8,-8,-8,-8,-8,1,1,1,1,1,1,-1.1021177,2.2146633
cyear,访问年份,27001,2022,0,2022,2022,2022,2022,2022,2022,2022,2022,2022,2022,2022,,
cmonth,访问月份,27001,8.2164736,1.5508147,5,5,6,7,7,8,9,11,11,12,12,.6991415,2.8946142
qa001y,出生日期（年）,23665,61.836975,366.55591,-8,-8,-8,-8,-8,-8,-8,-8,-8,1995,2013,5.0584807,26.590176
qa001m,出生日期（月）,23665,-7.4982886,2.7201433,-8,-8,-8,-8,-8,-8,-8,-8,-8,9,12,5.5443625,33.238991
qa001b,年龄,23665,-7.9981408,.28602198,-8,-8,-8,-8,-8,-8,-8,-8,-8,-8,36,153.82457,23663
ibirthy_update,出生年份更新,23666,1979.1377,22.552513,-2,1942,1950,1954,1965,1980,1993,2005,2009,2012,2013,-28.670498,2517.4009
qa002,受访者性别,23665,.50534546,.50301552,-8,0,0,0,0,1,1,1,1,1,1,-.22458403,4.4308696
qa301,现在的户口状况,25851,1.3736413,3.697571,-8,-8,-8,1,1,1,3,7,7,7,79,2.7855783,79.039848
qa3020,户口所在地变化,23665,-.94299597,2.6192977,-8,-8,-8,-8,0,0,0,0,0,1,1,-2.3118913,6.3831792
qa302,现在的户口所在地,23665,-7.4005914,2.4641135,-8,-8,-8,-8,-8,-8,-8,-8,1,5,6,4.0181241,17.844687
qa303y,离开户口所在地年份（年）,24815,114.44385,482.81506,-8,-8,-8,-8,-8,-8,-8,-8,2015,2022,2022,3.6903977,14.619194
qa303m,离开户口所在地月份（月）,24815,-7.2127342,3.2324693,-8,-8,-8,-8,-8,-8,-8,-8,2,9,12,4.158998,19.440632
qa401,出生时家庭地址,23665,-7.8957953,1.074967,-8,-8,-8,-8,-8,-8,-8,-8,-8,-8,6,10.720781,120.7338
qa601,12岁时居住地是否与出生地相同,23665,-7.8048596,1.3040355,-8,-8,-8,-8,-8,-8,-8,-8,-8,1,1,6.5405688,43.826653
qa602,12岁时居住地,23665,-7.9754066,.53753966,-8,-8,-8,-8,-8,-8,-8,-8,-8,-8,6,22.44437,517.53888
qa603,12岁时户口状况,23665,-7.7731671,1.7036675,-8,-8,-8,-8,-8,-8,-8,-8,-8,1,79,16.067503,602.29248
qa9,是否是退伍军人,23665,-1.8437778,3.3722675,-8,-8,-8,-8,0,0,0,0,0,0,1,-1.2772509,2.6328621
qa901,参军开始时间（年）,23665,-3.4241285,95.677414,-8,-8,-8,-8,-8,-8,-8,-8,-8,-8,2020,20.865683,436.42157
qa902,参军结束时间（年）,23665,-3.3298542,96.760475,-8,-8,-8,-8,-8,-8,-8,-8,-8,-8,2022,20.673382,428.42676
qc1,现在在上学吗,27001,-3.8677456,4.1455407,-8,-8,-8,-8,-8,-8,0,1,1,1,1,.018357385,1.0253474
qc2,是否处在假期,27001,-3.8978927,4.1135526,-8,-8,-8,-8,-8,-8,0,1,1,1,1,.015891293,1.0222274
school,上学状态,27001,-3.4441688,4.7730498,-8,-8,-8,-8,-8,-8,0,5,5,5,5,.30439988,1.5560765
qc3,现在上哪个阶段,27001,-6.2001038,4.426887,-8,-8,-8,-8,-8,-8,-8,3,5,7,9,2.0974739,5.5327005
qc4,是全日制还是在职学生,27001,-6.6926041,3.2009177,-8,-8,-8,-8,-8,-8,-8,1,1,1,5,2.0620439,5.3407359
qc5,正在上几年级,27001,-6.4356136,3.8693876,-8,-8,-8,-8,-8,-8,-8,2,3,6,9,2.1458511,5.8350997
wr0s1,就读学校名称确认,23665,-7.6730194,1.6729743,-8,-8,-8,-8,-8,-8,-8,-8,-8,1,1,4.9279079,25.318367
wr0s2,就读学校确认,23665,-7.960659,.57670486,-8,-8,-8,-8,-8,-8,-8,-8,-8,-8,1,14.641948,216.1403
qr0,哪年起就读（年）,23665,238.18094,662.28369,-8,-8,-8,-8,-8,-8,-8,2018,2021,2021,2022,2.3184536,6.3752341
qr1,就近入学,23665,-7.1863089,2.5401406,-8,-8,-8,-8,-8,-8,-8,-8,1,1,1,2.8117628,8.9391232
qr2,如何入读该校,23665,-7.4200296,5.600173,-8,-8,-8,-8,-8,-8,-8,-8,-8,3,77,13.89995,207.60275
qr3,是否缴纳赞助费或借读费,23665,-7.259624,2.3227465,-8,-8,-8,-8,-8,-8,-8,-8,0,0,1,2.8207901,8.9656162
qr4,择校/赞助费（元）,23665,34.945869,1403.1832,-8,-8,-8,-8,-8,-8,-8,-8,-8,-8,100000,49.458946,2860.998
qr5,为入学变更居住地,23665,-7.2450457,2.3545051,-8,-8,-8,-8,-8,-8,-8,-8,0,0,1,2.8031225,8.8767548
qr6,如何变更居住地,23665,-7.8870907,1.890918,-8,-8,-8,-8,-8,-8,-8,-8,-8,-8,77,35.678444,1551.8058
qr7,为入学变更居户口地址,23665,-7.2519331,2.3318355,-8,-8,-8,-8,-8,-8,-8,-8,0,0,1,2.7975042,8.8306599
qs1002,目前就读学校所在地,23665,-6.3399115,3.8840628,-8,-8,-8,-8,-8,-8,-8,2,3,4,4,1.9447699,4.8680558
qs3,现在上的是哪类小学,23665,-7.5541096,1.9536005,-8,-8,-8,-8,-8,-8,-8,-8,-8,1,5,4.1541853,18.265085
qs4_b_1,现在上哪类初中,23665,-7.6660891,1.7011242,-8,-8,-8,-8,-8,-8,-8,-8,-8,1,1,4.8981462,24.991835
qs5,现上哪类高中,23665,-7.6482992,1.8799747,-8,-8,-8,-8,-8,-8,-8,-8,-8,3,6,5.3366656,30.573496
qs601,是否公立学校,23665,-6.9233046,2.8992536,-8,-8,-8,-8,-8,-8,-8,1,1,1,1,2.3263633,6.4257889
qs602,是否示范/重点学校,23665,-7.1257553,2.5387111,-8,-8,-8,-8,-8,-8,-8,0,0,1,1,2.5714309,7.6523914
qs603,是哪种类型的私立学校,23665,-6.9565601,9.2800722,-8,-8,-8,-8,-8,-8,-8,-8,-8,77,77,8.9185686,80.686218
qs604,是否在重点班,23665,-6.5787029,3.8580482,-8,-8,-8,-8,-8,-8,-8,3,5,5,5,2.3942354,6.8630848
qs605,班级人数（人）,23665,-1.2464821,18.799009,-8,-8,-8,-8,-8,-8,-8,36,50,64,120,2.6137304,8.486516
qs606,年级人数（人）,23665,52.268497,244.36864,-8,-8,-8,-8,-8,-8,-8,84,400,1210,5000,6.4213638,59.850098
qs7,上哪类大专,23665,-7.8674412,1.1137389,-8,-8,-8,-8,-8,-8,-8,-8,-8,1,4,8.3523989,71.42189
qs8,现在上哪类本科,23665,-7.8174944,1.5900505,-8,-8,-8,-8,-8,-8,-8,-8,-8,1,77,22.98563,1049.1489
qs801_b_1,专业人数（人）,23665,-3.0629199,63.559177,-8,-8,-8,-8,-8,-8,-8,-8,-8,110,3000,23.985666,727.54004
qs10,学校是否能够寄宿,23665,-6.4104795,3.7660105,-8,-8,-8,-8,-8,-8,-8,1,1,5,5,2.0594308,5.570868
qs1001,学校是否能够寄宿,23665,-7.0449185,2.7262502,-8,-8,-8,-8,-8,-8,-8,0,1,1,1,2.5132451,7.3440976
qs1003,寄宿时每月回家次数(次),23665,-7.2234526,2.7182956,-8,-8,-8,-8,-8,-8,-8,-8,1,4,30,3.4094338,13.994179
qs11,从住处到学校有多远(公里),23665,-7.1200843,4.3478575,-8,-8,-8,-8,-8,-8,-8,-8,1,5,100,13.511188,286.36783
qs1102,从住处到学校出行方式,23665,-7.1184025,4.3226266,-8,-8,-8,-8,-8,-8,-8,-8,1,4,77,12.640858,232.23367
qs1103,住处到学校需几分钟(分钟),23665,-6.3236003,8.6229324,-8,-8,-8,-8,-8,-8,-8,-8,7,20,240,14.532359,336.78864
kr425,最近一次期中、期末考试班级排名(%),23665,-6.600338,4.483932,-8,-8,-8,-8,-8,-8,-8,1,3,6,79,8.0019979,132.05925
kr426,最近一次期中、期末考试年级排名(%),23665,-6.4033804,5.8458309,-8,-8,-8,-8,-8,-8,-8,2,4,6,79,9.1727934,126.29041
kr4301,是否曾请假,23665,-7.0089583,2.6692388,-8,-8,-8,-8,-8,-8,-8,0,0,1,1,2.329711,6.452909
kr4302,是否曾旷课,23665,-7.0276356,2.6161001,-8,-8,-8,-8,-8,-8,-8,0,0,0,1,2.3192708,6.3809667
kr431,请假旷课的主因,23665,-7.5969152,4.6969972,-8,-8,-8,-8,-8,-8,-8,-8,-8,1,77,16.903595,302.61716
kr432,一共请假和旷课几次(次),23665,-7.7948871,1.4647708,-8,-8,-8,-8,-8,-8,-8,-8,-8,1,20,7.6891537,70.057327
kra605,上学期本专业排名(%),23665,-7.4168606,5.1217127,-8,-8,-8,-8,-8,-8,-8,-8,-8,4,79,14.869686,247.155
qs1011,非周末学习时间(小时/天),23665,-5.4539533,6.0625901,-8,-8,-8,-8,-8,-8,-8,7.5,10,14,24,2.0875638,5.7282562
qs1012,周末学习时间(小时/天),23665,-6.1238751,4.5143213,-8,-8,-8,-8,-8,-8,-8,2,5,10,24,2.2136374,6.6812553
qs1_b_2,是否担任学生干部,23665,-6.5460386,4.8314829,-8,-8,-8,-8,-8,-8,-8,0,1,1,79,11.219134,191.71803
qs102b,担任的最高职务级别,23665,-7.5025144,2.1521537,-8,-8,-8,-8,-8,-8,-8,-8,1,3,5,4.2023878,19.246296
qs2,是否参加学生社团,23665,-4.426199,13.43594,-8,-8,-8,-8,-8,-8,-8,5,5,79,79,5.5323353,34.262383
qs201,参加了几个社团(个),23665,-7.6276779,1.8337152,-8,-8,-8,-8,-8,-8,-8,-8,-8,1,7,4.7626944,23.939062
qs202,是否担任社团干部,23665,-7.6752586,1.5956829,-8,-8,-8,-8,-8,-8,-8,-8,-8,0,1,4.7211056,23.34973
qs3m,与同学交谈的语言,23665,-6.548912,3.3829157,-8,-8,-8,-8,-8,-8,-8,1,1,2,6,1.9203682,4.7520418
qs4_b_2,学习好天赋占比(%),23665,1.0019438,23.108362,-8,-8,-8,-8,-8,-8,-8,50,60,90,100,2.5300722,8.2932825
qs501_b_2,自己的学业情况,23665,-6.219903,4.1542153,-8,-8,-8,-8,-8,-8,-8,3,4,5,5,1.9248012,4.7584724
qs502,学习压力,23665,-6.3191209,3.9301929,-8,-8,-8,-8,-8,-8,-8,2,3,4,5,1.9406407,4.8489027
qs503,有多优秀,23665,-6.2648635,4.0464668,-8,-8,-8,-8,-8,-8,-8,3,3,4,5,1.9193434,4.728507
qs504,适合做学生干部,23665,-6.2991762,3.9773374,-8,-8,-8,-8,-8,-8,-8,3,3,5,5,1.9415215,4.8533139
qs601n,我学习很努力,23665,-7.2072682,3.033133,-8,-8,-8,-8,-8,-8,-8,-8,3,4,79,5.0621891,66.559937
qs602n,会集中精力学习,23665,-7.1966195,2.9920034,-8,-8,-8,-8,-8,-8,-8,-8,4,5,5,3.4721298,13.118377
qs603mn,会检查学校功课,23665,-7.2061696,2.9987397,-8,-8,-8,-8,-8,-8,-8,-8,3,4,79,4.3014727,41.145432
qs604n,遵守校规校纪,23665,-7.16573,3.1047468,-8,-8,-8,-8,-8,-8,-8,-8,4,5,5,3.4635887,13.037716
qs605n,把物品摆放整齐,23665,-7.1837735,3.0397537,-8,-8,-8,-8,-8,-8,-8,-8,4,5,5,3.4715812,13.112101
qs606mn,完成学校功课后才玩,23665,-7.1894779,3.1357768,-8,-8,-8,-8,-8,-8,-8,-8,4,5,79,5.6161094,83.102371
qs701,对学校满意程度,23665,-6.1457005,4.3302522,-8,-8,-8,-8,-8,-8,-8,4,5,5,5,1.9289809,4.777607
qs702,对班主任老师满意程度,23665,-5.9126983,6.1187873,-8,-8,-8,-8,-8,-8,-8,4,5,5,79,7.3374882,93.67952
qs703,对语文老师满意程度,23665,-6.4423833,4.7520132,-8,-8,-8,-8,-8,-8,-8,4,5,5,79,6.5438671,96.024101
qs704,对数学老师满意程度,23665,-6.4310584,4.8997979,-8,-8,-8,-8,-8,-8,-8,3,5,5,79,7.0685959,104.38647
qs705,对外语老师满意程度,23665,-6.3608704,5.6042285,-8,-8,-8,-8,-8,-8,-8,3,5,5,79,8.4049463,117.56848
qint001,生气,23665,-6.7205157,3.4688771,-8,-8,-8,-8,-8,-8,-8,1,2,4,5,2.3903816,6.8636222
qext002,吵架,23665,-6.8152966,3.2046075,-8,-8,-8,-8,-8,-8,-8,1,2,4,5,2.3730931,6.7634473
qint003,考试,23665,-6.7446017,3.4075642,-8,-8,-8,-8,-8,-8,-8,1,2,4,5,2.4029131,6.9565439
qext004,注意力,23665,-6.7234311,3.4619226,-8,-8,-8,-8,-8,-8,-8,1,2,4,5,2.3932791,6.8849344
qint005,寂寞,23665,-6.7908726,3.2766824,-8,-8,-8,-8,-8,-8,-8,1,2,4,5,2.3904414,6.8828788
qext006,分心,23665,-6.71629,3.4811454,-8,-8,-8,-8,-8,-8,-8,1,2,4,5,2.3924127,6.8769422
qint007,悲伤,23665,-6.8058739,3.2325897,-8,-8,-8,-8,-8,-8,-8,1,2,4,5,2.3804286,6.8140907
qext008,完成作业,23665,-6.8068876,3.2308459,-8,-8,-8,-8,-8,-8,-8,1,2,4,5,2.3839359,6.8410249
qint009,表现,23665,-6.719121,3.4748201,-8,-8,-8,-8,-8,-8,-8,1,2,4,5,2.3961625,6.9032054
qint010,担心作业,23665,-6.7538137,3.3835158,-8,-8,-8,-8,-8,-8,-8,1,2,4,5,2.4061978,6.9819345
qint011,玩伴,23665,-6.8021131,3.2475891,-8,-8,-8,-8,-8,-8,-8,1,2,4,5,2.3955045,6.9228826
qext012,多嘴,23665,-6.8016057,3.2452803,-8,-8,-8,-8,-8,-8,-8,1,2,4,5,2.3836453,6.8356967
qext013,打架,23665,-6.8489752,3.1101744,-8,-8,-8,-8,-8,-8,-8,1,1,2,5,2.3637056,6.7026596
qint014,羞愧,23665,-6.606761,3.7762296,-8,-8,-8,-8,-8,-8,-8,2,4,5,5,2.3823245,6.7881417
pt1,是否参加辅导班,23665,-6.7230511,2.9730511,-8,-8,-8,-8,-8,-8,-8,0,0,1,1,1.9064152,4.6572604
pt2,是否参加学校辅导,23665,-6.717135,2.9873981,-8,-8,-8,-8,-8,-8,-8,0,0,1,1,1.9079907,4.6660962
pt201,每周参加学校课程辅导时间（小时）,23665,-7.3051171,4.568192,-8,-8,-8,-8,-8,-8,-8,-8,-8,11,70,9.5013046,115.06642
pt3,是否参加竞赛辅导,23665,-7.0270863,2.6176803,-8,-8,-8,-8,-8,-8,-8,0,0,0,1,2.3196578,6.3836775
pt301,每周参加竞赛辅导时间（小时）,23665,-7.9788971,.56188679,-8,-8,-8,-8,-8,-8,-8,-8,-8,-8,35,36.429821,1882.8297
pt4,是否参加才艺培养,23665,-6.7367845,2.9394629,-8,-8,-8,-8,-8,-8,-8,0,0,1,1,1.9017605,4.6305771
pt401,每周参加才艺培养辅导时间（小时）,23665,-7.7969575,2.0434902,-8,-8,-8,-8,-8,-8,-8,-8,-8,2,70,17.886293,486.01825
pt5,是否参加心智开发,23665,-6.7505178,2.9054215,-8,-8,-8,-8,-8,-8,-8,0,0,0,1,1.8954523,4.5935512
pt501,每周参加心智开发辅导时间（小时）,23665,-7.9915276,.329458,-8,-8,-8,-8,-8,-8,-8,-8,-8,-8,14,42.857857,2034.5828
pt7,是否参加其他辅导班,23665,-6.739996,2.9315436,-8,-8,-8,-8,-8,-8,-8,0,0,1,1,1.9004401,4.6228962
pt701,每周参加其他辅导时间（小时）,23665,-7.801631,2.2996833,-8,-8,-8,-8,-8,-8,-8,-8,-8,2,70,18.119993,436.98499
pt8,是否请家教,23665,-6.7497149,2.9074244,-8,-8,-8,-8,-8,-8,-8,0,0,0,1,1.8958699,4.5960259
pd503r,过去12个月课外辅导费（元）,23665,119.00478,2513.3789,-8,-8,-8,-8,-8,-8,-8,-8,0,1100,180000,40.973385,2135.9465
pd501a,是否支付学杂费,23665,-7.3618002,2.2877281,-8,-8,-8,-8,-8,-8,-8,-8,1,1,1,3.3128746,12.000964
pd502a,是否支付伙食、住宿及校车费,23665,-7.361589,2.2884355,-8,-8,-8,-8,-8,-8,-8,-8,1,1,1,3.3126435,11.998937
pd503a,是否支付书本及用具费,23665,-7.3631945,2.2829118,-8,-8,-8,-8,-8,-8,-8,-8,1,1,1,3.3137989,12.009439
pd504a,过去12个月是否有其他费用,23665,-7.4058313,2.1305673,-8,-8,-8,-8,-8,-8,-8,-8,0,1,1,3.3178365,12.053182
pd501b,过去12个月学校教育支出(元/年),23665,761.28064,4496.8335,-8,-8,-8,-8,-8,-8,-8,-8,4000,20000,250000,15.647654,528.44983
pd577rn,过去12个月其他费用(元/年),23665,144.72893,1559.9053,-8,-8,-8,-8,-8,-8,-8,-8,0,5000,108000,29.174501,1416.9707
pd5total,教育支出总费用,23665,1039.8851,6167.9639,-8,-8,-8,-8,-8,-8,-8,-8,5800,26000,260000,13.780377,324.47498
pd5ckp,教育总支出确认,23665,-7.1124024,3.2393596,-8,-8,-8,-8,-8,-8,-8,-8,5,5,5,3.3989384,12.621957
pd5total_mn,教育总支出(元/年),23665,158.29369,2577.4297,-8,-8,-8,-8,-8,-8,-8,-8,-8,-1,140000,26.590776,963.90802
pd6,过去12个月亲戚朋友支付 （元）,23665,13.816565,1340.3441,-8,-8,-8,-8,-8,-8,-8,-8,0,0,200000,140.9655,20951.676
wd7rn,政府、学校及其他组织机构支付,23665,-7.4007182,2.1495886,-8,-8,-8,-8,-8,-8,-8,-8,0,1,1,3.3213813,12.084953
kwc1,最高学历确认,23665,.64208746,1.2254086,-8,-8,0,0,1,1,1,1,1,1,1,-6.2050886,43.718288
edu_update,EDU_UPDATE,23665,3.7950561,2.1468449,-8,0,0,0,3,4,5,6,7,10,10,-.25151739,3.2206619
kw01,最高学历,23665,-5.2433553,5.3249445,-8,-8,-8,-8,-8,-8,-8,5,6,10,10,1.4901559,3.4216449
kw2y,离开学校（年）,23665,166.21039,566.3338,-8,-8,-8,-8,-8,-8,-8,-8,2012,2022,2022,2.945256,9.6754541
kw2m,离开学校（月）,23665,-6.6837945,4.1134644,-8,-8,-8,-8,-8,-8,-8,-8,6,8,12,2.9468367,10.057968
kw0,其他教育经历,23665,-6.7287979,3.0436966,-8,-8,-8,-8,-8,-8,-8,0,1,1,1,1.9877517,4.9818659
kw1_s_1,上次调查至今或曾经经历过的教育阶段：选择1,23665,-7.0418763,3.3099895,-8,-8,-8,-8,-8,-8,-8,-8,3,7,9,3.2554541,11.937259
kw1_s_2,上次调查至今或曾经经历过的教育阶段：选择2,23665,-7.6420875,2.0035939,-8,-8,-8,-8,-8,-8,-8,-8,-8,4,8,5.4916506,31.623587
kw1_s_3,上次调查至今或曾经经历过的教育阶段：选择3,23665,-7.8095078,1.4953339,-8,-8,-8,-8,-8,-8,-8,-8,-8,4,8,7.7854829,62.111187
kw1_s_4,上次调查至今或曾经经历过的教育阶段：选择4,23665,-7.9231777,.9738887,-8,-8,-8,-8,-8,-8,-8,-8,-8,-8,7,12.726728,164.4639
kw1_s_5,上次调查至今或曾经经历过的教育阶段：选择5,23665,-7.9736743,.59998447,-8,-8,-8,-8,-8,-8,-8,-8,-8,-8,8,22.965691,532.76404
kw1_s_6,上次调查至今或曾经经历过的教育阶段：选择6,23665,-7.9968309,.2182087,-8,-8,-8,-8,-8,-8,-8,-8,-8,-8,8,68.957947,4764.5635
wedu,教育阶段,23665,-6.9942956,3.4585724,-8,-8,-8,-8,-8,-8,-8,-8,4,7,9,3.2046793,11.48309
kw301_b_1,上哪类小学,23665,-7.6938515,1.6314781,-8,-8,-8,-8,-8,-8,-8,-8,-8,1,1,5.1412768,27.43273
kw401_b_1,上哪类初中,23665,-7.7309952,1.534722,-8,-8,-8,-8,-8,-8,-8,-8,-8,1,5,5.5370297,31.719946
kw501_b_1,上哪类高中,23665,-7.801352,1.3992409,-8,-8,-8,-8,-8,-8,-8,-8,-8,1,6,7.1139522,53.430042
kw601_b_1,上哪类大专,23665,-7.8972321,1.3400787,-8,-8,-8,-8,-8,-8,-8,-8,-8,-8,77,35.738937,2067.8003
kw701_b_1,上哪类本科,23665,-7.8691316,1.2589387,-8,-8,-8,-8,-8,-8,-8,-8,-8,1,77,19.441793,926.79108
kw801_b_1,读硕士是脱产还是在职,23665,-7.9854217,.37093356,-8,-8,-8,-8,-8,-8,-8,-8,-8,-8,5,25.86232,685.1521
kw801_b_2,读博士是脱产还是在职,23665,-7.9984789,.11700158,-8,-8,-8,-8,-8,-8,-8,-8,-8,-8,1,76.897659,5914.25
kw1001_b_1,哪年就读该小学,23665,60.710964,366.16446,-8,-8,-8,-8,-8,-8,-8,-8,-8,2014,2018,5.1413064,27.433138
kw1001_b_2,哪年起入读该初中,23665,52.381321,344.33954,-8,-8,-8,-8,-8,-8,-8,-8,-8,2018,2022,5.527297,31.551165
kw1001_b_3,哪年起入读该高中,23665,32.988506,285.17844,-8,-8,-8,-8,-8,-8,-8,-8,-8,2017,2022,6.8136516,47.425915
kw1001_b_4,哪年起入读该大专,23665,11.690006,198.75764,-8,-8,-8,-8,-8,-8,-8,-8,-8,-8,2022,9.9950724,100.90159
kw1001_b_5,哪年起入读该本科,23665,17.850117,227.3698,-8,-8,-8,-8,-8,-8,-8,-8,-8,2017,2022,8.6818285,76.374252
kw1001_b_6,哪年起入读该校硕士,23665,-4.8318191,80.063004,-8,-8,-8,-8,-8,-8,-8,-8,-8,-8,2021,25.230881,637.59778
kw1001_b_7,哪年起入读该校博士,23665,-7.6577644,26.322107,-8,-8,-8,-8,-8,-8,-8,-8,-8,-8,2018,76.897682,5914.2539
kw1004_b_1,是否小学毕业,23665,-7.6938939,1.6312658,-8,-8,-8,-8,-8,-8,-8,-8,-8,1,1,5.1413984,27.434361
kw1004_b_2,是否初中毕业,23665,-7.7321362,1.5277605,-8,-8,-8,-8,-8,-8,-8,-8,-8,1,1,5.5294347,31.581966
kw1004_b_3,是否高中毕业,23665,-7.8192692,1.2579701,-8,-8,-8,-8,-8,-8,-8,-8,-8,1,1,6.822042,47.574886
kw1004_b_4,是否大专毕业,23665,-7.9132895,.87568361,-8,-8,-8,-8,-8,-8,-8,-8,-8,-8,1,10.008144,101.24054
kw1004_b_5,是否本科毕业,23665,-7.8861189,1.0021126,-8,-8,-8,-8,-8,-8,-8,-8,-8,1,1,8.692996,76.626099
kw1004_b_6,是否硕士毕业,23665,-7.9861398,.35051963,-8,-8,-8,-8,-8,-8,-8,-8,-8,-8,1,25.284164,641.08636
kw1004_b_7,是否博士毕业,23665,-7.9984789,.11700158,-8,-8,-8,-8,-8,-8,-8,-8,-8,-8,1,76.897659,5914.25
kwa1_b_1,没毕业的主因,23665,-7.7276568,4.7250185,-8,-8,-8,-8,-8,-8,-8,-8,-8,-8,77,17.798046,318.98816
kw1005_b_1,是否获得本科学位,23665,-7.8958378,.95451492,-8,-8,-8,-8,-8,-8,-8,-8,-8,0,1,9.0696211,83.38768
kw1005_b_2,是否获得硕士学位,23665,-7.9878726,.32964829,-8,-8,-8,-8,-8,-8,-8,-8,-8,-8,1,27.153437,738.53241
kw1005_b_3,是否获得博士学位,23665,-7.9984789,.11700158,-8,-8,-8,-8,-8,-8,-8,-8,-8,-8,1,76.897659,5914.25
kwa2_b_1,没升学的主因,23665,-6.9998312,8.6024084,-8,-8,-8,-8,-8,-8,-8,-8,-8,77,77,9.4985723,92.61422
qc201,您期望的受教育程度,23665,-5.209888,5.7376232,-8,-8,-8,-8,-8,-8,-8,7,7,8,11,1.5904756,3.5770476
qea0,当前婚姻状态,23665,1.1659836,2.9131706,-8,-8,-8,1,2,2,2,2,4,5,5,-2.5306711,8.5332909
qea1,确认上一次访问时婚姻状态,23665,-2.1142194,4.3029027,-8,-8,-8,-8,-8,1,1,1,1,1,5,-.6276446,1.4215674
marriage_last_update,2020婚姻状态更新,23665,1.1326854,2.8776124,-8,-8,-8,1,1,2,2,2,4,5,5,-2.5684187,8.7015915
qea2,2020年婚姻状况,23665,-5.3689413,4.4031334,-8,-8,-8,-8,-8,-8,1,2,2,5,5,1.1032206,2.2889121
qea201y,配偶/同伴出生日期(年),23665,348.64365,760.77588,-8,-8,-8,-8,-8,-8,-8,1970,1984,1993,2003,1.6652715,3.7736185
qea201m,配偶/同伴出生日期(月),23665,-5.3176422,5.7679935,-8,-8,-8,-8,-8,-8,-8,6,9,12,12,1.8809465,4.9460921
qea202,配偶/同伴学历状况,23665,-5.7246566,4.7661147,-8,-8,-8,-8,-8,-8,-8,4,5,7,10,1.7244563,4.2491612
qea204,与配偶/同伴如何认识,23665,-5.2136064,7.5896244,-8,-8,-8,-8,-8,-8,-8,5,6,8,77,6.4889302,66.417061
qea205y,结婚日期(年),23665,334.15771,754.02399,-8,-8,-8,-8,-8,-8,-8,1993,2009,2018,2022,1.7513859,4.0679007
qea205m,结婚日期(月),23665,-5.3232198,5.8767152,-8,-8,-8,-8,-8,-8,-8,6,10,12,12,1.9753879,5.3548298
qea206,婚前同居,23665,-6.4414959,3.2189987,-8,-8,-8,-8,-8,-8,-8,0,0,1,1,1.5898896,3.5507605
qea207,婚前同居月数（月）,23665,-7.3544054,4.2708178,-8,-8,-8,-8,-8,-8,-8,-8,-8,12,204,14.282797,395.87476
qea2071,是否是初婚,23665,-7.8382421,1.1898615,-8,-8,-8,-8,-8,-8,-8,-8,-8,1,1,7.2281809,53.301865
qea208y,离婚日期(年),23665,5.5840268,165.01775,-8,-8,-8,-8,-8,-8,-8,-8,-8,-8,2022,12.076857,146.85384
qea208m,离婚日期(月),23665,-7.8992181,1.1599337,-8,-8,-8,-8,-8,-8,-8,-8,-8,-8,12,12.623273,171.74794
qea209y,配偶去世日期(年),23665,10.766702,193.65759,-8,-8,-8,-8,-8,-8,-8,-8,-8,-1,2021,10.226719,105.58884
qea209m,配偶去世日期(月),23665,-7.8576379,1.4543042,-8,-8,-8,-8,-8,-8,-8,-8,-8,-1,12,10.838964,124.2554
qea211y,同居开始日期(年),23665,-5.2654133,74.293228,-8,-8,-8,-8,-8,-8,-8,-8,-8,-8,2021,27.139978,737.59509
qea211m,同居开始日期(月),23665,-7.9822946,.4874863,-8,-8,-8,-8,-8,-8,-8,-8,-8,-8,12,30.164639,974.85706
qea2111,是否结过婚,23665,-7.9968309,.16274489,-8,-8,-8,-8,-8,-8,-8,-8,-8,-8,1,51.50029,2662.2451
qk9,有恋爱关系吗,23665,-5.1042891,5.2208519,-8,-8,-8,-8,-8,-8,-8,5,5,5,5,1.2949591,2.7612758
qka201,理想结婚年龄（岁）,23665,-.18461864,14.504252,-8,-8,-8,-8,-8,-8,-8,27,28,32,99,1.4001102,3.194715
qd4,配偶教育程度,23665,-5.1522503,5.2535143,-8,-8,-8,-8,-8,-8,-8,5,5,6,8,1.3369501,2.8595009
qka202,期望孩子数（个）,23665,1.8648638,1.1082363,-8,-1,1,1,2,2,2,3,3,5,10,-2.9791398,34.345158
qka203,希望要几个男孩,23665,.2631312,2.1734352,-8,-8,-3,-3,1,1,1,2,2,3,10,-2.382726,8.7989721
qka205,未来两年生育意愿,23665,-5.2068458,3.8608449,-8,-8,-8,-8,-8,-8,0,0,0,1,1,.66513669,1.4567637
qm9,嫁妆价值（元）,23665,1878.5343,24212.691,-8,-8,-8,-8,-8,-8,-8,-8,-8,60000,1500000,29.07449,1228.0504
qm801,您对您当前的婚姻/同居生活有多满意,23665,.52917808,5.8044395,-8,-8,-8,-8,-8,4,5,5,5,5,5,-.75790566,1.6322248
qm802,您对对方在经济上为家庭做出的贡献有多满意,23665,.39378831,5.7379947,-8,-8,-8,-8,-8,4,5,5,5,5,5,-.73714459,1.6217251
qm803,您对对方在家务上为家庭做出的贡献有多满意,23665,.30264103,5.6958065,-8,-8,-8,-8,-8,3,5,5,5,5,5,-.7181769,1.6142384
marriagen,生成婚姻段数变量,23665,.024170715,2.4693196,-8,-8,-8,0,0,1,1,1,1,1,2,-2.8510265,9.42272
cohabitn,生成同居段数变量,23665,-.64622861,2.2393372,-8,-8,-8,0,0,0,0,0,0,1,7,-2.9510617,9.8331614
cmstart,2020年1月1日至今新开始且持续到当前的婚姻,23665,-7.7836046,1.3786998,-8,-8,-8,-8,-8,-8,-8,-8,-8,1,1,6.2141085,39.615147
firstenterehcy,首次进入EHC年份,23665,1835.856,585.86462,-8,-8,-8,2022,2022,2022,2022,2022,2022,2022,2022,-2.8295732,9.006484
firstenterehcm,首次进入EHC月份,23665,6.6681175,4.8819108,-8,-8,-8,5,7,8,9,10,11,12,12,-2.3620553,7.5792727
qga101,实习兼职经历,23665,-6.7589688,2.9339209,-8,-8,-8,-8,-8,-8,-8,0,0,1,1,1.9481996,4.8169422
qga2,过去12个月实习/兼职税后报酬,23665,139.26047,2339.7021,-8,-8,-8,-8,-8,-8,-8,-8,-8,4000,200000,49.390057,3360.3823
qga301,实习时长（月）,23665,-7.7439256,1.6605048,-8,-8,-8,-8,-8,-8,-8,-8,-8,2,12,6.7740402,50.979015
qga302,实习每周工作时间(小时/周),23665,-6.8205914,8.3514481,-8,-8,-8,-8,-8,-8,-8,-8,-8,48,110,7.83251,67.291191
qga1,全职工作经历,23665,-.34096768,2.4746494,-8,-8,-8,0,0,0,1,1,1,1,1,-2.6464775,8.4212408
qgb1,过去一周工作状态,27001,-.60801452,3.0976408,-8,-8,-8,-8,0,1,1,1,1,1,1,-1.9135524,4.8027358
qgb2,放假或培训,23665,-5.9945068,3.4937842,-8,-8,-8,-8,-8,-8,-8,0,0,1,1,1.1719609,2.3834727
qgb201,返回工作岗位,23665,-7.8197336,1.2488159,-8,-8,-8,-8,-8,-8,-8,-8,-8,1,1,6.7961073,47.271854
qgb3,生意淡季,23665,-6.1426158,3.385638,-8,-8,-8,-8,-8,-8,-8,0,0,0,1,1.2754654,2.6303174
qgb4,从事农业工作,23665,-6.1673355,3.3994749,-8,-8,-8,-8,-8,-8,-8,0,0,1,1,1.3213398,2.7603931
qgb5,是否找工作,23665,-6.4065919,3.2157578,-8,-8,-8,-8,-8,-8,-8,0,0,1,1,1.52626,3.3395762
qgb501,两周内开始工作,23665,-6.3741813,3.2849362,-8,-8,-8,-8,-8,-8,-8,0,0,1,1,1.5343806,3.3778751
qgb6,没有工作原因,23665,-5.0039721,9.3522406,-8,-8,-8,-8,-8,-8,-8,3,4,8,77,6.7676439,58.370823
employ,当前工作状态,27001,-.75615716,4.2079225,-10,-10,-10,-8,1,1,1,3,3,3,3,-1.3103462,2.9955635
lastyjob_last,CFPS2020主要工作是否延续到最近一年,23665,-4.3524613,4.4186125,-8,-8,-8,-8,-8,-8,1,1,1,1,1,.38585845,1.1488868
lastyjob_cur,CFPS2020之后产生的最近一份工作是否延续到,23665,-5.0723853,4.2164388,-8,-8,-8,-8,-8,-8,1,1,1,1,1,.74585152,1.5562944
jobstartn,EHC回忆时段内开始新工作份数,23665,-1.7076695,3.9030015,-8,-8,-8,-8,-8,0,1,1,3,4,8,-.87518835,2.0677357
jobclass_base_2020,2020主要工作（若不再是2022主要工作，则变,23665,-6.6155505,3.7165017,-8,-8,-8,-8,-8,-8,-8,2,4,4,4,2.3450835,6.5864215
jobclass_2020,2020主要工作（若不再是2022主要工作，则变,23665,-6.6155505,3.7165017,-8,-8,-8,-8,-8,-8,-8,2,4,4,4,2.3450835,6.5864215
mincomea_b_1,2020主要工作（若不再是2022主要工作，则变,23665,150.50128,1218.2023,-8,-8,-8,-8,-8,-8,-8,-8,-8,5500,80000,23.325798,1105.7639
yincomea_b_1,2020主要工作（若不再是2022主要工作，则变,23665,685.05542,7200.894,-8,-8,-8,-8,-8,-8,-8,-8,-8,24000,627000,35.612671,2544.7632
mincomea_a_1,一般工作1的税后月收入,23665,250.50987,1752.9932,-8,-8,-8,-8,-8,-8,-8,-8,1500,6000,120000,31.390781,1678.7183
yincomea_a_1,一般工作1的税后年收入,23665,1625.1547,15334.146,-8,-8,-8,-8,-8,-8,-8,-8,6000,42000,1320000,53.070747,4067.5654
jobclass_base_a_1,一般工作1的类型（base）,23665,-6.8091698,3.4887545,-8,-8,-8,-8,-8,-8,-8,1,4,4,4,2.6178205,7.9356461
jobclass_a_1,一般工作1的工作类型,23665,-6.797338,3.5250123,-8,-8,-8,-8,-8,-8,-8,1,4,4,5,2.621758,7.9631996
lastyjob_comm_a_1,一般工作1是否延续到最近一年,23665,-7.0717516,2.7081389,-8,-8,-8,-8,-8,-8,-8,0,1,1,1,2.5812714,7.6829252
mincomea_a_2,一般工作2的税后月收入,23665,44.658146,658.0719,-8,-8,-8,-8,-8,-8,-8,-8,-8,1500,40000,25.105501,1029.0973
yincomea_a_2,一般工作2的税后年收入,23665,254.32884,4251.1519,-8,-8,-8,-8,-8,-8,-8,-8,-8,2100,360000,39.665916,2561.3447
jobclass_base_a_2,一般工作2的类型（base）,23665,-7.8026199,1.4988309,-8,-8,-8,-8,-8,-8,-8,-8,-8,4,4,7.5044088,57.597176
jobclass_a_2,一般工作2的工作类型,23665,-7.8008451,1.5126297,-8,-8,-8,-8,-8,-8,-8,-8,-8,4,5,7.5087509,57.68047
lastyjob_comm_a_2,一般工作2是否延续到最近一年,23665,-7.8485951,1.1470727,-8,-8,-8,-8,-8,-8,-8,-8,-8,1,1,7.4574132,56.708015
mincomea_a_3,一般工作3的税后月收入,23665,4.858314,268.0022,-8,-8,-8,-8,-8,-8,-8,-8,-8,-8,12500,25.051426,729.90308
yincomea_a_3,一般工作3的税后年收入,23665,55.386814,1659.4512,-8,-8,-8,-8,-8,-8,-8,-8,-8,-8,112500,38.25724,1809.277
jobclass_base_a_3,一般工作3的类型（base）,23665,-7.951067,.75298977,-8,-8,-8,-8,-8,-8,-8,-8,-8,-8,4,15.387218,238.63029
jobclass_a_3,一般工作3的工作类型,23665,-7.9505177,.76163101,-8,-8,-8,-8,-8,-8,-8,-8,-8,-8,5,15.397851,239.05675
lastyjob_comm_a_3,一般工作3是否延续到最近一年,23665,-7.9624763,.57642287,-8,-8,-8,-8,-8,-8,-8,-8,-8,-8,1,15.315008,235.81485
mincomea_a_4,一般工作4的税后月收入,23665,-5.3965774,116.01733,-8,-8,-8,-8,-8,-8,-8,-8,-8,-8,8000,51.024422,2859.238
yincomea_a_4,一般工作4的税后年收入,23665,-1.5583351,391.19424,-8,-8,-8,-8,-8,-8,-8,-8,-8,-8,45000,88.866066,9040.6064
jobclass_base_a_4,一般工作4的类型（base）,23665,-7.9884639,.36356238,-8,-8,-8,-8,-8,-8,-8,-8,-8,-8,4,31.708113,1012.5646
jobclass_a_4,一般工作4的工作类型,23665,-7.9882951,.36932302,-8,-8,-8,-8,-8,-8,-8,-8,-8,-8,5,31.81687,1021.6939
lastyjob_comm_a_4,一般工作4是否延续到最近一年,23665,-7.9911261,.27885661,-8,-8,-8,-8,-8,-8,-8,-8,-8,-8,1,31.464161,993.11761
mincomea_a_5,一般工作5的税后月收入,23665,-6.7045846,83.479507,-8,-8,-8,-8,-8,-8,-8,-8,-8,-8,8000,72.275406,5652.4722
yincomea_a_5,一般工作5的税后年收入,23665,-3.5015423,316.60733,-8,-8,-8,-8,-8,-8,-8,-8,-8,-8,35000,83.218864,7756.3364
jobclass_base_a_5,一般工作5的类型（base）,23665,-7.9959855,.21838838,-8,-8,-8,-8,-8,-8,-8,-8,-8,-8,4,54.421627,2964.7205
jobclass_a_5,一般工作5的工作类型,23665,-7.9958167,.22766952,-8,-8,-8,-8,-8,-8,-8,-8,-8,-8,5,54.487331,2974.5488
lastyjob_comm_a_5,一般工作5是否延续到最近一年,23665,-7.9970841,.1588071,-8,-8,-8,-8,-8,-8,-8,-8,-8,-8,1,54.611874,2992.1108
mincomea_a_6,一般工作6的税后月收入,23665,-7.7880416,23.509548,-8,-8,-8,-8,-8,-8,-8,-8,-8,-8,3000,114.82066,13570.639
yincomea_a_6,一般工作6的税后年收入,23665,-7.5345025,55.606483,-8,-8,-8,-8,-8,-8,-8,-8,-8,-8,8000,132.88089,18534.518
jobclass_base_a_6,一般工作6的类型（base）,23665,-7.9985633,.12803964,-8,-8,-8,-8,-8,-8,-8,-8,-8,-8,4,89.674683,8089.2339
jobclass_a_6,一般工作6的工作类型,23665,-7.9985633,.12803964,-8,-8,-8,-8,-8,-8,-8,-8,-8,-8,4,89.674683,8089.2339
lastyjob_comm_a_6,一般工作6是否延续到最近一年,23665,-7.9989014,.097719826,-8,-8,-8,-8,-8,-8,-8,-8,-8,-8,1,89.181534,7975.6069
qgd01,全职工作经历,23665,-7.8218465,1.2021945,-8,-8,-8,-8,-8,-8,-8,-8,-8,0,1,6.6208777,44.988636
qgd0,这是您人生的第一份工作吗,23665,-7.191802,2.5079017,-8,-8,-8,-8,-8,-8,-8,-8,1,1,1,2.7931406,8.8430443
kgd1a,第一份工作是否受雇,23665,-7.522079,2.0005145,-8,-8,-8,-8,-8,-8,-8,-8,0,1,1,3.9544268,16.66819
kgd2a_s_1,所有求职渠道：选择1,23665,-7.3504753,4.4782133,-8,-8,-8,-8,-8,-8,-8,-8,-8,4,77,14.66398,267.28793
kgd2a_s_2,所有求职渠道：选择2,23665,-7.9746885,1.038635,-8,-8,-8,-8,-8,-8,-8,-8,-8,-8,77,71.07605,5698.3911
kgd2a_s_3,所有求职渠道：选择3,23665,-7.9945068,.57180804,-8,-8,-8,-8,-8,-8,-8,-8,-8,-8,77,140.11972,20656.82
kgd2a_a_1,求职渠道：是否自己直接与用人单位联系,23665,-7.6270442,1.7172303,-8,-8,-8,-8,-8,-8,-8,-8,-8,1,1,4.4019227,20.452011
kgd2a_a_2,求职渠道：是否职业介绍机构、招聘广告、自己登求职,23665,-7.6309738,1.6985245,-8,-8,-8,-8,-8,-8,-8,-8,-8,0,1,4.3967867,20.390902
kgd2a_a_3,求职渠道：是否国家分配/组织调动,23665,-7.6363406,1.6726273,-8,-8,-8,-8,-8,-8,-8,-8,-8,0,1,4.3860545,20.259602
kgd2a_a_4,求职渠道：是否亲属、朋友或熟人介绍,23665,-7.6195226,1.7524514,-8,-8,-8,-8,-8,-8,-8,-8,-8,1,1,4.4062238,20.499918
kgd2a_a_5,求职渠道：是否学校就业指导机构，或学校推荐,23665,-7.6346927,1.6806242,-8,-8,-8,-8,-8,-8,-8,-8,-8,0,1,4.3898392,20.306295
kgd2a_a_77,求职渠道：是否选择其他,23665,-7.6363406,1.6726273,-8,-8,-8,-8,-8,-8,-8,-8,-8,0,1,4.3860545,20.259602
kgd101,获得工作主要渠道,23665,-7.9752798,1.032692,-8,-8,-8,-8,-8,-8,-8,-8,-8,-8,77,72.135437,5828.437
kgd2,胜任工作的教育程度,23665,-7.2373972,3.2591364,-8,-8,-8,-8,-8,-8,-8,-8,3,11,11,4.2448444,19.991074
qg1,当前最主要工作/最近结束的工作的工作所有者,27001,-.24625014,5.4734569,-8,-8,-8,-8,-8,1,5,5,5,5,5,-.53953403,1.5864851
qg101,当前最主要工作/最近结束的工作的工作性质,27001,-.057997853,5.5814481,-8,-8,-8,-8,-8,1,5,5,5,5,5,-.57142615,1.5743972
jobclass_base,当前最主要工作/最近结束的工作类型（base）,23665,-.17050497,4.9469934,-8,-8,-8,-8,-8,1,4,4,4,4,4,-.83537835,1.9214303
jobclass,当前最主要工作/最近结束的工作类型,23665,-.13517854,4.976757,-8,-8,-8,-8,-8,1,4,4,4,5,5,-.82633656,1.9170414
qg2,雇主性质,27001,-3.0095551,7.9006367,-8,-8,-8,-8,-8,-8,4,4,5,9,77,4.5869174,45.230186
qg201,雇主是个体工商户,27001,-7.8271546,1.1563725,-8,-8,-8,-8,-8,-8,-8,-8,-8,0,0,6.5501523,43.962433
qg2032,是否有编制,23665,-7.0858231,2.6318405,-8,-8,-8,-8,-8,-8,-8,0,1,1,1,2.5442574,7.5142126
qg301,工作地点,23665,-2.6543841,5.6210413,-8,-8,-8,-8,-8,-8,3,4,6,8,8,.2182914,1.305804
qg3011,上下班单程时间(分钟),23665,4.9358544,19.879183,-8,-8,-8,-8,-8,-8,15,30,40,80,240,3.0052218,20.920591
qg401,工作收入满意度,23665,.31012043,5.1939931,-8,-8,-8,-8,-8,3,4,4,5,5,5,-.90946305,1.9586009
qg402,工作安全满意度,23665,.65560955,5.3825088,-8,-8,-8,-8,-8,4,4,5,5,5,5,-.94181889,1.9757389
qg403,工作环境满意度,23665,.52909362,5.31811,-8,-8,-8,-8,-8,4,4,5,5,5,5,-.92597437,1.9654977
qg404,工作时间满意度,23665,.48582295,5.2978058,-8,-8,-8,-8,-8,4,4,5,5,5,5,-.91842228,1.9602646
qg405,工作晋升满意度,23665,27.808071,38.984928,-8,-8,-8,-8,-8,4,79,79,79,79,79,.52276748,1.3326544
qg406,工作满意度,23665,.50133109,5.2943854,-8,-8,-8,-8,-8,4,4,5,5,5,5,-.93304765,1.9708673
qg5,是否签订合同,23665,-4.4608493,4.2367301,-8,-8,-8,-8,-8,-8,0,1,1,1,1,.37282664,1.1608627
qg501,是否约定合同期限,23665,-5.8951192,3.7485273,-8,-8,-8,-8,-8,-8,-8,1,1,1,1,1.2266779,2.520601
qg502,与谁签合同,23665,-6.487175,3.1913054,-8,-8,-8,-8,-8,-8,-8,0,0,1,1,1.6443292,3.7281072
qg6,每周工作时间(小时/周),23665,28.930454,31.567362,-8,-8,-8,-8,-8,35,56,70,77,98,168,.22330667,2.1253512
qg601,上夜班频率,23665,-3.3405452,5.29706,-8,-8,-8,-8,-8,-8,1,4,6,7,7,.41809875,1.5303146
qg602,周末上班频率,23665,-2.5412636,6.0719566,-8,-8,-8,-8,-8,-8,5,5,5,5,5,.25745812,1.1371193
qg603,是否随时到岗,23665,-4.1373758,4.2511997,-8,-8,-8,-8,-8,-8,0,1,1,1,1,.20446375,1.0665163
qg604,上下班时间弹性,23665,-3.3686879,5.1105022,-8,-8,-8,-8,-8,-8,2,3,3,3,3,.21918014,1.0899394
qg7_s_1,现金福利：选择1,23665,15.470399,36.965969,-8,-8,-8,-8,-8,-8,77,78,78,78,78,1.0803152,2.203716
qg7_s_2,现金福利：选择2,23665,-6.7959013,7.7655168,-8,-8,-8,-8,-8,-8,-8,-8,2,4,77,9.8090744,104.9761
qg7_s_3,现金福利：选择3,23665,-7.3388128,6.1435366,-8,-8,-8,-8,-8,-8,-8,-8,-8,4,77,12.794418,174.30844
qg7_s_4,现金福利：选择4,23665,-7.745616,3.9431634,-8,-8,-8,-8,-8,-8,-8,-8,-8,-8,77,20.307882,433.27701
qg7_s_5,现金福利：选择5,23665,-7.9476867,2.0726864,-8,-8,-8,-8,-8,-8,-8,-8,-8,-8,77,40.76128,1669.4697
qg7_a_1,现金福利：是否提供交通费补贴,23665,-4.8882737,3.9482293,-8,-8,-8,-8,-8,-8,0,0,0,1,1,.48602948,1.2482996
qg7_a_2,现金福利：是否提供餐费补贴,23665,-4.8672724,3.976733,-8,-8,-8,-8,-8,-8,0,0,1,1,1,.48898122,1.2554007
qg7_a_3,现金福利：是否提供住房补贴,23665,-4.9026408,3.9285457,-8,-8,-8,-8,-8,-8,0,0,0,1,1,.48364341,1.2424281
qg7_a_4,现金福利：是否提供过节费,23665,-4.8561587,3.9916894,-8,-8,-8,-8,-8,-8,0,0,1,1,1,.49029833,1.2584945
qg7_a_77,现金福利：是否提供其他,23665,-4.898035,3.9348726,-8,-8,-8,-8,-8,-8,0,0,0,1,1,.48444191,1.2444043
qg7_a_78,现金福利：是否以上都没有,23665,-4.6892881,4.2063508,-8,-8,-8,-8,-8,-8,0,1,1,1,1,.49346557,1.2633585
qg701_a_1,每月福利金额（元）-交通费补贴,23665,11.796958,177.88315,-8,-8,-8,-8,-8,-8,-8,-8,-8,500,10000,24.979391,969.80017
qg701_a_2,每月福利金额（元）-餐费补贴,23665,18.93746,162.55586,-8,-8,-8,-8,-8,-8,-8,-8,200,600,10000,20.380665,842.39734
qg701_a_3,每月福利金额（元）-住房补贴,23665,11.712022,199.53511,-8,-8,-8,-8,-8,-8,-8,-8,-8,550,8280,19.220345,518.31952
qg701_a_5,每月福利金额（元）-其他,23665,8.8264103,224.36179,-8,-8,-8,-8,-8,-8,-8,-8,-8,300,10000,28.233562,1009.8828
qg702,12个月福利金额(元/年),23665,108.96708,1044.8323,-8,-8,-8,-8,-8,-8,-8,-8,500,2800,75000,35.165337,1930.6124
qg8_s_1,实物福利：选择1,23665,13.216861,35.454453,-8,-8,-8,-8,-8,-8,4,78,78,78,78,1.2531888,2.6152253
qg8_s_2,实物福利：选择2,23665,-6.4588208,9.1964054,-8,-8,-8,-8,-8,-8,-8,-8,2,77,77,8.4150715,76.009842
qg8_s_3,实物福利：选择3,23665,-7.4752164,5.8947401,-8,-8,-8,-8,-8,-8,-8,-8,-8,3,77,13.747702,196.17928
qg8_s_4,实物福利：选择4,23665,-7.8793154,2.9612477,-8,-8,-8,-8,-8,-8,-8,-8,-8,-8,77,27.967693,799.12762
qg8_s_5,实物福利：选择5,23665,-7.9779844,1.3551846,-8,-8,-8,-8,-8,-8,-8,-8,-8,-8,77,62.539188,3920.4287
qg8_a_1,实物福利：是否提供免费早/中/晚餐,23665,-4.8251004,4.0315223,-8,-8,-8,-8,-8,-8,0,1,1,1,1,.49230561,1.2639819
qg8_a_2,实物福利：是否提供免费住宿,23665,-4.8601732,3.9847703,-8,-8,-8,-8,-8,-8,0,0,1,1,1,.48894668,1.256332
qg8_a_3,实物福利：是否提供单位配车/班,23665,-4.9071627,3.9207683,-8,-8,-8,-8,-8,-8,0,0,0,1,1,.48184237,1.2390639
qg8_a_4,实物福利：是否提供购物卡/购物券,23665,-4.8971901,3.9344854,-8,-8,-8,-8,-8,-8,0,0,0,1,1,.48361957,1.2434762
qg8_a_77,实物福利：是否提供其他,23665,-4.8716249,3.9693191,-8,-8,-8,-8,-8,-8,0,0,1,1,1,.48750412,1.2529167
qg8_a_78,实物福利：是否以上都没有,23665,-4.7389393,4.1428757,-8,-8,-8,-8,-8,-8,0,1,1,1,1,.49465483,1.2679582
qg801_a_1,每月实物福利（元）-免费早/中/晚餐,23665,52.387535,284.63266,-8,-8,-8,-8,-8,-8,-8,20,450,1000,13200,14.761277,430.06445
qg801_a_2,每月福利金额（元）-免费住宿,23665,36.604565,298.96863,-8,-8,-8,-8,-8,-8,-8,-8,200,1000,15000,19.190145,617.53162
qg801_a_3,每月福利金额（元）-单位配车/班车,23665,8.1332769,580.5144,-8,-8,-8,-8,-8,-8,-8,-8,-8,200,80000,117.16422,15546.142
qg801_a_4,每月福利金额（元）-购物卡/购物券,23665,-2.8758082,54.569466,-8,-8,-8,-8,-8,-8,-8,-8,-8,110,3000,25.412498,915.66711
qg801_a_5,每月福利金额（元）-其他,23665,.51379675,88.999977,-8,-8,-8,-8,-8,-8,-8,-8,10,200,4700,25.078505,833.83734
qg9_s_1,工作保障：选择1,23665,10.912614,33.08712,-8,-8,-8,-8,-8,-8,2,78,78,78,78,1.5001674,3.3308139
qg9_s_2,工作保障：选择2,23665,-6.0285654,4.0220547,-8,-8,-8,-8,-8,-8,-8,2,2,4,5,1.5633991,3.4824309
qg9_s_3,工作保障：选择3,23665,-6.0678215,4.1933398,-8,-8,-8,-8,-8,-8,-8,3,3,4,5,1.715106,3.9567003
qg9_s_4,工作保障：选择4,23665,-6.0401015,4.4146886,-8,-8,-8,-8,-8,-8,-8,4,4,4,5,1.8161241,4.316339
qg9_s_5,工作保障：选择5,23665,-6.0125923,4.6283088,-8,-8,-8,-8,-8,-8,-8,5,5,5,5,1.913568,4.6908827
qg9_a_1,工作保障：是否提供养老保险,23665,-4.3612928,4.2029166,-8,-8,-8,-8,-8,-8,0,1,1,1,1,.30150875,1.115555
qg9_a_2,工作保障：是否提供医疗保险,23665,-4.3588424,4.20575,-8,-8,-8,-8,-8,-8,0,1,1,1,1,.30149561,1.1154852
qg9_a_3,工作保障：是否提供失业保险,23665,-4.3895202,4.170043,-8,-8,-8,-8,-8,-8,0,1,1,1,1,.30130696,1.1156797
qg9_a_4,工作保障：是否提供工伤保险,23665,-4.3649693,4.1986604,-8,-8,-8,-8,-8,-8,0,1,1,1,1,.30151945,1.1156425
qg9_a_5,工作保障：是否提供生育保险,23665,-4.400507,4.1571255,-8,-8,-8,-8,-8,-8,0,1,1,1,1,.30104589,1.1153697
qg9_a_78,工作保障：是否以上都没有,23665,-4.3672934,4.1959662,-8,-8,-8,-8,-8,-8,0,1,1,1,1,.30152065,1.1156873
qg901,每月个人缴费额(元),23665,124.10277,605.1095,-8,-8,-8,-8,-8,-8,-8,450,800,2000,70000,66.870239,7528.2915
qg10,是否提供住房公积金,23665,-4.9847455,4.01717,-8,-8,-8,-8,-8,-8,0,1,1,1,1,.59253496,1.3743511
qg1001,公积金缴纳数额(元/月),23665,63.972321,293.01227,-8,-8,-8,-8,-8,-8,-8,110,500,1500,7000,6.9017816,75.518776
qg11,每月税后工资(元/月),23665,1777.0247,3458.6665,-8,-8,-8,-8,-8,-8,3000,6000,7500,12500,120000,6.720849,135.93465
qg1101,税后年终奖(元/年),23665,1473.1614,10406.287,-8,-8,-8,-8,-8,-8,0,300,6000,35000,600000,24.244379,982.37738
qg1102,税后奖金(元/月),23665,114.75157,4689.7729,-8,-8,-8,-8,-8,-8,0,0,0,2000,700000,141.03775,20970.074
qg12,工作总收入(元/年),27001,18997.189,41577.418,-9,-8,-8,-8,-8,-8,28000,60000,90000,160000,1800000,7.6215868,179.31815
qg1201_min,工作总收入区间最低值,27001,202.62468,3671.553,-8,-8,-8,-8,-8,-8,-8,-8,-8,-8,250000,34.548965,1824.1932
qg1201_max,工作总收入区间最高值,27001,417.98529,7711.9058,-8,-8,-8,-8,-8,-8,-8,-8,-8,-8,500000,34.881451,1709.3263
qg1201_est,工作总收入-估计值,27001,303.27039,5645.1787,-8,-8,-8,-8,-8,-8,-8,-8,-8,-8,375000,35.238438,1786.569
incomea,过去12个月所有一般工作的税后工资性收入,23665,2585.2141,17641.779,-9,-8,-8,-8,-8,-8,-8,-8,16000,56000,1320000,37.969368,2396.5181
incomeb,过去12个月主要工作税后工资性收入,23665,20749.684,43222.414,-9,-8,-8,-8,-8,-8,30000,70000,96000,175000,1800000,7.3587251,170.34982
emp_income,过去12个月所有工作（主要工作+一般工作）的税后,23665,23342.471,46945.363,-8,-8,-8,-8,-8,-8,36000,70000,100000,182000,1800000,7.8997006,173.82071
kg13a_s_1,所有求职渠道：选择1,23665,-5.916121,8.2436447,-8,-8,-8,-8,-8,-8,-8,1,4,5,77,8.1852045,81.05999
kg13a_s_2,所有求职渠道：选择2,23665,-7.9342489,1.3299117,-8,-8,-8,-8,-8,-8,-8,-8,-8,-8,77,46.541618,2832.8494
kg13a_s_3,所有求职渠道：选择3,23665,-7.980731,1.0083159,-8,-8,-8,-8,-8,-8,-8,-8,-8,-8,77,77.070793,6410.5781
kg13a_s_4,所有求职渠道：选择4,23665,-7.9989438,.11500316,-8,-8,-8,-8,-8,-8,-8,-8,-8,-8,5,109.02387,11905.989
kg13a_s_5,所有求职渠道：选择5,23665,-7.9994507,.084506497,-8,-8,-8,-8,-8,-8,-8,-8,-8,-8,5,153.82457,23663
kg13a_a_1,求职渠道：是否自己直接与用人单位联系,23665,-6.8256922,2.9016733,-8,-8,-8,-8,-8,-8,-8,0,0,1,1,2.0770497,5.3463755
kg13a_a_2,求职渠道：是否职业介绍机构、招聘广告、自己登求职,23665,-6.8411999,2.8622093,-8,-8,-8,-8,-8,-8,-8,0,0,1,1,2.0737562,5.3270583
kg13a_a_3,求职渠道：是否国家分配/组织调动,23665,-6.8664694,2.7965288,-8,-8,-8,-8,-8,-8,-8,0,0,0,1,2.0633326,5.2625718
kg13a_a_4,求职渠道：是否亲属、朋友或熟人介绍,23665,-6.813015,2.9334776,-8,-8,-8,-8,-8,-8,-8,0,1,1,1,2.0782397,5.3527107
kg13a_a_5,求职渠道：是否学校就业指导机构，或学校推荐,23665,-6.8674836,2.7938557,-8,-8,-8,-8,-8,-8,-8,0,0,0,1,2.0627668,5.2589951
kg13a_a_77,求职渠道：是否选择其他,23665,-6.8623705,2.8073025,-8,-8,-8,-8,-8,-8,-8,0,0,0,1,2.0654962,5.2761912
kg1301,获得工作主要渠道,23665,-7.9462075,.76383239,-8,-8,-8,-8,-8,-8,-8,-8,-8,-8,6,14.394116,211.94872
kg1302,胜任工作的教育程度,23665,-6.0266218,4.9687886,-8,-8,-8,-8,-8,-8,-8,4,6,11,11,2.2497685,6.467267
qg1303,是否获得他人帮助,23665,-6.8255229,2.9021001,-8,-8,-8,-8,-8,-8,-8,0,0,1,1,2.0770743,5.3465128
qg1304,帮助大小,23665,-7.5597296,2.0317152,-8,-8,-8,-8,-8,-8,-8,-8,-8,2,3,4.419538,20.63769
qg1305,与帮助者关系,23665,-7.0585251,6.2014031,-8,-8,-8,-8,-8,-8,-8,-8,-8,8,77,11.135402,146.3967
qg14,行政管理职务,23665,-4.7888441,3.9774861,-8,-8,-8,-8,-8,-8,0,0,0,1,1,.43741384,1.2049457
qg15,工作晋级,23665,20.362688,40.215225,-8,-8,-8,-8,-8,-8,78,79,79,79,79,.74642462,1.5654263
qg1501,希望晋级内容,23665,1.4084513,24.465868,-8,-8,-8,-8,-8,-8,-8,5,78,78,78,2.7259073,8.6867075
qg16,工作单位规模(人),23665,502.48697,7769.103,-8,-8,-8,-8,-8,-8,20,200,600,6000,370000,30.504215,1075.2072
qg17,有直接下属,23665,-2.2795267,6.2410855,-8,-8,-8,-8,-8,-8,5,5,5,5,5,.2135967,1.1034826
qg1701,管理人员规模(人),23665,-5.929347,47.444538,-8,-8,-8,-8,-8,-8,-8,-8,4,25,7000,136.70529,20100.686
qg18,使用外语,23665,-4.262455,4.0287533,-8,-8,-8,-8,-8,-8,0,0,0,1,1,.15440863,1.0332192
qg19,使用计算机,23665,-4.0671034,4.2500219,-8,-8,-8,-8,-8,-8,0,1,1,1,1,.16803199,1.0536137
qg20,工作场所,23665,-1.2715403,11.855835,-8,-8,-8,-8,-8,-8,3,5,5,77,77,4.9625597,33.226219
qg22,生意的主要资金来源,23665,-6.9023876,6.5052719,-8,-8,-8,-8,-8,-8,-8,-8,1,3,77,11.210648,142.87752
qg1202,工作总收入校验,23665,-7.4001269,2.5694396,-9,-8,-8,-8,-8,-8,-8,-8,1,5,5,4.1647625,18.800932
qg1203,非经营税后总收入(元/年),23665,5100.3779,22012.248,-8,-8,-8,-8,-8,-8,-8,2000,40000,100000,1000000,10.494292,259.05258
qg1204_min,非经营税后总收入区间最低值（工作总收入校验值）,23665,45.258991,1680.1731,-8,-8,-8,-8,-8,-8,-8,-8,-8,-8,100000,40.901169,1980.3544
qg1204_max,非经营税后总收入区间最高值（工作总收入校验值）,23665,92.584915,3541.7954,-8,-8,-8,-8,-8,-8,-8,-8,-8,-8,250000,52.926254,3353.7524
qg1204_est,非经营税后总收入区间最低值（工作总收入校验值）-,23665,64.696053,2541.7197,-8,-8,-8,-8,-8,-8,-8,-8,-8,-8,175000,50.887466,3096.6924
kg23,离职原因,23665,-4.9617157,13.431149,-8,-8,-8,-8,-8,-8,-8,-8,10,77,77,5.4986525,33.300236
qi101,是否办理退休手续,27001,-5.1615124,3.8467333,-8,-8,-8,-8,-8,-8,0,0,0,1,1,.61985773,1.3901923
qi1011,是否办理养老金领取手续,27001,-6.0857005,3.4599705,-8,-8,-8,-8,-8,-8,-8,0,0,1,1,1.2607601,2.6063585
qi102y,办理手续年份（年）,23665,68.399658,385.78671,-8,-8,-8,-8,-8,-8,-8,-8,-8,2021,2022,4.8548775,24.570097
qi102m,办理手续月份（月）,23665,-7.4321151,2.7897444,-8,-8,-8,-8,-8,-8,-8,-8,-8,9,12,5.1648965,29.525824
qi200,是否有领取离退休金,23665,-4.250412,4.0568042,-8,-8,-8,-8,-8,-8,0,0,1,1,1,.16434243,1.0416436
qi2001,是否有领取养老保险,23665,-4.1541095,4.1674557,-8,-8,-8,-8,-8,-8,0,1,1,1,1,.17313725,1.055493
qi202,税后领退休金数额(元/月),23665,285.27835,1096.406,-8,-8,-8,-8,-8,-8,-8,205,2500,5000,51400,9.0902519,243.06343
qi203_max,税后领退休金区间上限,23665,-4.3703361,115.33994,-8,-8,-8,-8,-8,-8,-8,-8,-8,-8,10000,48.871529,3151.6155
qi203_min,税后领退休金区间下限,23665,-6.6313968,53.198391,-8,-8,-8,-8,-8,-8,-8,-8,-8,-8,5000,57.562912,4235.8643
qi203_est,税后领退休金-估计值,23665,-7.9986477,.1040014,-8,-8,-8,-8,-8,-8,-8,-8,-8,-8,0,76.897659,5914.25
qi301_s_1,参保项目：选择1,23665,20.031269,34.859966,-8,-8,-8,-8,-8,5,77,78,78,78,78,1.0070429,2.1306651
qi301_s_2,参保项目：选择2,23665,-7.3225861,5.0041537,-8,-8,-8,-8,-8,-8,-8,-8,-8,6,77,13.79128,225.95357
qi301_s_3,参保项目：选择3,23665,-7.8987112,1.5247869,-8,-8,-8,-8,-8,-8,-8,-8,-8,-8,77,33.193974,1659.5194
qi301_s_4,参保项目：选择4,23665,-7.9817028,.4939234,-8,-8,-8,-8,-8,-8,-8,-8,-8,-8,7,27.372526,760.36414
qi301_s_5,参保项目：选择5,23665,-7.995183,.26240769,-8,-8,-8,-8,-8,-8,-8,-8,-8,-8,7,54.630524,2994.8013
qi301_s_6,参保项目：选择6,23665,-7.9981828,.16146225,-8,-8,-8,-8,-8,-8,-8,-8,-8,-8,7,88.945488,7921.189
qi301_s_7,参保项目：选择7,23665,-7.9987321,.13789351,-8,-8,-8,-8,-8,-8,-8,-8,-8,-8,7,108.7635,11830.5
qi301_a_1,参保项目：是否离退休后从所在机关或事业单位领取离,23665,-2.3099937,3.6646523,-8,-8,-8,-8,-8,0,0,0,0,1,1,-.90316314,1.8291191
qi301_a_2,参保项目：是否参保基本养老保险,23665,-2.1945066,3.750387,-8,-8,-8,-8,-8,0,0,1,1,1,1,-.88262892,1.8239934
qi301_a_3,参保项目：是否参保企业补充养老保险,23665,-2.3195436,3.6573095,-8,-8,-8,-8,-8,0,0,0,0,1,1,-.90545362,1.8294668
qi301_a_4,参保项目：是否参保商业养老保险,23665,-2.3249948,3.6531005,-8,-8,-8,-8,-8,0,0,0,0,1,1,-.90680522,1.8296561
qi301_a_5,参保项目：是否参保农村养老保险（老农保）,23665,-2.2817664,3.686126,-8,-8,-8,-8,-8,0,0,0,1,1,1,-.89695287,1.8279915
qi301_a_6,参保项目：是否参保新型农村社会养老保险（新农保）,23665,-2.17135,3.7669168,-8,-8,-8,-8,-8,0,0,1,1,1,1,-.87995809,1.8229094
qi301_a_7,参保项目：是否参保城镇居民养老保险,23665,-2.2978661,3.6739204,-8,-8,-8,-8,-8,0,0,0,0,1,1,-.90039396,1.8286514
qi301_a_77,参保项目：是否参保其他,23665,-2.3219945,3.6554186,-8,-8,-8,-8,-8,0,0,0,0,1,1,-.9060573,1.8295528
qi301_a_78,参保项目：是否以上都没有,23665,-2.0968943,3.8186295,-8,-8,-8,-8,-8,0,0,1,1,1,1,-.87423116,1.8196942
xchildpid_a_1,受访者子女1（F模块）,23665,70309072,158152880,-8,-8,-8,-8,-8,-8,-8,370297216,441390112,620878080,621865088,2.1493235,6.3443856
xchildpid_a_2,受访者子女2（F模块）,23665,53162988,142826224,-8,-8,-8,-8,-8,-8,-8,311099200,430344192,620650112,858776448,2.6647973,8.9246864
xchildpid_a_3,受访者子女3（F模块）,23665,25094364,103196496,-8,-8,-8,-8,-8,-8,-8,-8,230064208,530300192,777018432,4.2663159,20.504763
xchildpid_a_4,受访者子女4（F模块）,23665,9020046,62993792,-8,-8,-8,-8,-8,-8,-8,-8,-8,411548192,621778176,7.3901186,58.63694
xchildpid_a_5,受访者子女5（F模块）,23665,2464809.8,32863750,-8,-8,-8,-8,-8,-8,-8,-8,-8,-8,621269376,14.149948,211.02135
xchildpid_a_6,受访者子女6（F模块）,23665,656140.38,16970216,-8,-8,-8,-8,-8,-8,-8,-8,-8,-8,620309184,27.408297,786.59351
xchildpid_a_7,受访者子女7（F模块）,23665,89406.609,6958361.5,-8,-8,-8,-8,-8,-8,-8,-8,-8,-8,620126208,79.88842,6523.8564
xchildpid_a_8,受访者子女8（F模块）,23665,44434.82,4895809,-8,-8,-8,-8,-8,-8,-8,-8,-8,-8,610042240,112.76304,12983.329
qk5,向谁诉说烦恼,23665,-6.9062753,4.3149352,-8,-8,-8,-8,-8,-8,-8,-8,2,9,77,8.5592232,138.36723
qk6,你和谁在一起,23665,-7.1419396,2.848438,-8,-8,-8,-8,-8,-8,-8,-8,2,4,5,3.0731122,10.654393
qk7m,你有零花钱吗,23665,-7.1567717,2.8243632,-8,-8,-8,-8,-8,-8,-8,-8,1,5,5,3.1823616,11.654867
qk701m,每月零花钱数（元/月）,23665,-1.3007395,44.28046,-8,-8,-8,-8,-8,-8,-8,-8,20,200,1500,13.635002,274.21671
qk702,零花钱最主要的来源,23665,-7.3316288,3.5844126,-8,-8,-8,-8,-8,-8,-8,-8,1,1,77,15.176875,338.80771
qk703,自觉零花钱合适数(元/月),23665,.8280583,65.608284,-8,-8,-8,-8,-8,-8,-8,-8,30,200,5000,31.123924,1775.2463
wl6,是否乘坐过火车,23665,-7.4521022,2.0629869,-8,-8,-8,-8,-8,-8,-8,-8,0,1,1,3.5131471,13.398978
wl7,是否乘坐过飞机,23665,-7.3486586,2.1973906,-8,-8,-8,-8,-8,-8,-8,-8,0,0,1,3.0808337,10.506528
qu201,是否移动上网,23665,.58516794,1.1737313,-8,-8,0,0,0,1,1,1,1,1,1,-6.1707931,45.146969
qu202,是否电脑上网,23665,.10327488,1.1092989,-8,-8,0,0,0,0,0,1,1,1,1,-6.0399394,45.102005
qu201a,移动设备上网时长（分钟）,23665,130.63385,168.39101,-8,-8,-8,-8,-8,90,180,360,480,720,1440,2.027849,8.9776001
qu202a,电脑上网时长（分钟）,23665,28.347391,104.95314,-8,-8,-8,-8,-8,-8,-8,120,240,480,1400,3.8414237,19.146832
qu91,是否玩网络游戏,23665,-2.0916121,3.7604227,-8,-8,-8,-8,-8,0,0,1,1,1,1,-.91138798,1.8842247
qu911,是否每天玩网络游戏,23665,-6.3421931,3.3433309,-8,-8,-8,-8,-8,-8,-8,0,1,1,1,1.5314591,3.3726435
qu92,是否网上购物,23665,-1.8824847,3.8962858,-8,-8,-8,-8,-8,0,1,1,1,1,1,-.90838462,1.8781151
qu921,是否每天网上购物,23665,-4.7058525,3.9793959,-8,-8,-8,-8,-8,-8,0,0,0,1,1,.38492844,1.158775
qu93,是否看短视频,23665,-1.6664273,4.0204473,-8,-8,-8,-8,-8,1,1,1,1,1,1,-.93071836,1.8860865
qu931,是否每天看短视频,23665,-2.5399535,4.2586589,-8,-8,-8,-8,-8,0,1,1,1,1,1,-.49010172,1.2633615
qu94,是否网络学习,23665,-2.0861609,3.7646003,-8,-8,-8,-8,-8,0,0,1,1,1,1,-.91063833,1.8834935
qu941,是否每天网络学习,23665,-6.2898374,3.3865449,-8,-8,-8,-8,-8,-8,-8,0,1,1,1,1.4859058,3.2349198
qu5,是否在网上学习,23665,-2.1743081,3.7037547,-8,-8,-8,-8,-8,0,0,1,1,1,1,-.9202109,1.8869342
qu501,网上学习时间（分钟）,23665,1.816311,37.648117,-8,-8,-8,-8,-8,-8,-8,30,60,180,720,6.586905,65.351486
qu11,是否使用微信,23665,.67910415,1.1786987,-8,-8,0,0,1,1,1,1,1,1,1,-6.5123239,47.85136
qu111,朋友圈分享频率,23665,2.8947392,5.5054555,-8,-8,-8,-8,3,5,7,7,7,7,7,-1.3124144,3.0422723
qu951,网络对工作重要性,23665,1.6630889,4.4895773,-8,-8,-8,-8,1,3,5,5,5,5,5,-1.4957895,3.6573439
qu952,网络对休闲娱乐重要性,23665,1.6057892,4.4160018,-8,-8,-8,-8,2,3,4,5,5,5,5,-1.5609567,3.8002203
qu953,网络对与家人和朋友保持联系重要性,23665,2.3030636,4.6684551,-8,-8,-8,-8,3,4,5,5,5,5,5,-1.6732442,3.9827731
qu954,网络对学习重要性,23665,1.8343968,4.5218835,-8,-8,-8,-8,2,4,5,5,5,5,5,-1.5666791,3.7893755
qu955,网络对日常生活重要性,23665,1.6965139,4.4974093,-8,-8,-8,-8,1,3,5,5,5,5,5,-1.50676,3.6787949
qm2011,人缘关系有多好(分),23665,6.7701669,2.7390521,-8,-8,3,5,5,7,8,10,10,10,10,-2.7590408,15.571576
qm2016,有多幸福(分),23665,7.217494,2.9019034,-8,-8,3,5,6,8,9,10,10,10,10,-2.6764116,14.173365
qm3n,生活有意义（分）,23665,7.1430383,2.9010532,-8,-8,3,5,6,8,9,10,10,10,10,-2.6489153,14.019839
qm6,大部分人乐于助人还是自私,23665,1.9113458,2.2276993,-8,-8,1,1,1,1,5,5,5,5,5,-.90636086,8.0076599
qn1001,喜欢信任还是怀疑别人,23665,2.5371647,2.4374144,-8,-8,1,1,1,1,5,5,5,5,5,-1.1626761,6.8260703
qn10021,对父母的信任度,23665,8.9650965,2.7864857,-8,-8,5,7,9,10,10,10,10,10,10,-4.589994,26.487288
qn10022,对邻居的信任度,23665,6.3193746,2.9196486,-8,-8,2,4,5,7,8,10,10,10,10,-2.2100499,11.598469
qn10023,对美国人的信任度,23665,1.7581238,2.754518,-8,-8,0,0,0,1,4,5,6,9,10,.017869901,4.971971
qn10024,对陌生人的信任度,23665,2.4513838,2.6827424,-8,-8,0,0,0,3,5,5,6,8,10,-.71050805,5.5225286
qn10025,对本地政府官员的信任度,23665,5.3826747,3.1970084,-8,-8,0,2,4,5,8,9,10,10,10,-1.37322,6.9154854
qn10026,对医生的信任度,23665,6.7745194,3.0790164,-8,-8,2,4,5,7,9,10,10,10,10,-2.2346587,10.898465
qm1001,子女善待父母,23665,-4.2890344,5.686698,-8,-8,-8,-8,-8,-8,3,5,5,5,5,.89731365,1.8380362
qm1002,子女达成父母心愿,23665,-4.6016903,5.239584,-8,-8,-8,-8,-8,-8,2,4,5,5,5,.93651235,1.9648651
qm1003,儿子和父母住在一起,23665,-4.695035,5.1002049,-8,-8,-8,-8,-8,-8,1,4,5,5,5,.94311041,1.9903953
qm1004,至少生一个儿子,23665,-4.6847668,5.1305652,-8,-8,-8,-8,-8,-8,1,4,5,5,5,.9596585,2.0408115
qm1005,光宗耀祖,23665,-4.4900908,5.4048014,-8,-8,-8,-8,-8,-8,2,5,5,5,5,.92551404,1.9251215
qm1006,回家探望父母,23665,-4.2733574,5.7082949,-8,-8,-8,-8,-8,-8,4,5,5,5,5,.89289075,1.8241721
wv102,公平竞争才有和谐人际,23665,-4.6973591,5.0983586,-8,-8,-8,-8,-8,-8,3,3,4,4,5,.90722054,1.8466834
wv103,财富反映个人成就,23665,-4.7399111,5.0358591,-8,-8,-8,-8,-8,-8,2,3,3,4,5,.91026902,1.8556899
wv104,努力工作能有回报,23665,-4.7024722,5.0905013,-8,-8,-8,-8,-8,-8,3,3,4,4,5,.90657741,1.844928
wv105,聪明才干能得回报,23665,-4.709867,5.0776424,-8,-8,-8,-8,-8,-8,3,3,4,4,5,.90471578,1.8389605
wv106,成大事难免腐败,23665,-4.9034438,4.7938414,-8,-8,-8,-8,-8,-8,2,3,3,4,5,.92505628,1.906037
wv107,有关系比有能力重要,23665,-4.7699132,4.9921174,-8,-8,-8,-8,-8,-8,2,3,3,4,5,.91393369,1.8688878
wv108,提高生活水平机会很大,23665,-4.7454047,5.026464,-8,-8,-8,-8,-8,-8,2,3,3,4,5,.90769744,1.8473758
wv101,经济繁荣要拉大收入差距,23665,-4.8893723,4.8143721,-8,-8,-8,-8,-8,-8,2,3,3,4,5,.92123258,1.8919283
qm501a,男女社会压力比较,23665,3.4780478,2.3983989,-8,-8,1,1,1,5,5,5,5,5,5,-2.3274972,10.815067
qn12012,对自己生活满意度,23665,3.7721107,1.8982973,-8,-8,2,3,3,4,5,5,5,5,5,-4.6995897,29.35523
qn12016,对自己未来信心程度,23665,3.8517642,1.9234416,-8,-8,2,3,3,4,5,5,5,5,5,-4.6683426,28.798752
qn8011,您的收入在本地,23665,12.945151,26.121489,-8,-8,1,1,2,3,4,79,79,79,79,2.1181483,5.5351095
qn8012,您的地位,23665,2.7618001,1.8802497,-8,-8,1,1,2,3,4,5,5,5,5,-3.6278808,21.66226
qms1,固定型思维1,23665,1.6683288,3.5429468,-8,-8,-8,-8,1,3,4,5,5,5,5,-1.9712627,5.9338903
qms2,固定型思维2,23665,1.7950983,3.5650256,-8,-8,-8,-8,1,3,4,5,5,5,5,-2.036648,6.0830998
qms3,发展型思维1,23665,2.2854426,3.6942775,-8,-8,-8,-8,3,3,4,5,5,5,5,-2.1570845,6.3740954
qms4,发展型思维2,23665,2.354701,3.7235014,-8,-8,-8,-8,3,3,4,5,5,5,5,-2.1542983,6.3522406
qm20,领袖气质,23665,-6.9387279,3.5148263,-8,-8,-8,-8,-8,-8,-8,-8,5,5,5,3.030587,10.24176
qme201,为了年老时有人帮助,23665,-5.420114,4.6700335,-8,-8,-8,-8,-8,-8,-8,3,3,4,5,1.2718273,2.6501656
qme202,为了延续家族香火,23665,-5.4548068,4.6088457,-8,-8,-8,-8,-8,-8,-8,3,3,4,5,1.2744968,2.6617162
qme203,为从经济上帮助家庭,23665,-5.5118952,4.5074916,-8,-8,-8,-8,-8,-8,-8,3,3,4,5,1.2782142,2.6787865
qme204,为看孩子长大的喜悦,23665,-5.367547,4.7586665,-8,-8,-8,-8,-8,-8,-8,3,4,4,5,1.2625021,2.612802
qme205,为子女在身边的快乐,23665,-5.3671246,4.7596846,-8,-8,-8,-8,-8,-8,-8,3,4,4,5,1.2629403,2.6147661
qme206,为感受有宝宝的喜悦,23665,-5.3699136,4.7548141,-8,-8,-8,-8,-8,-8,-8,3,4,4,5,1.2630898,2.6151659
qme207,为使家庭更重要,23665,-5.3917179,4.7177377,-8,-8,-8,-8,-8,-8,-8,3,4,4,5,1.2659318,2.6260843
qme208,为增强责任心,23665,-5.3941684,4.7118058,-8,-8,-8,-8,-8,-8,-8,3,3,4,5,1.2637463,2.6172698
qme209,为增加亲属联系,23665,-5.4192266,4.6687965,-8,-8,-8,-8,-8,-8,-8,3,3,4,5,1.2670144,2.6302359
qn4001,是否是党员,27001,-1.5927929,3.2121284,-8,-8,-8,-8,0,0,0,0,0,1,1,-1.4895856,3.2293808
qn402,入党时间（年）,23665,16.281343,220.32368,-8,-8,-8,-8,-8,-8,-8,-8,-8,2011,2022,8.9636707,81.349998
qn4002,是否是团员,23665,-.82763577,2.6393702,-8,-8,-8,-8,0,0,0,1,1,1,1,-2.3006852,6.4542809
qn4004,是否是宗教信仰团体成员,23665,-.14557363,1.1712247,-8,-8,0,0,0,0,0,0,0,1,1,-6.4103737,43.188152
qn4003,是否是工会成员,23665,-.76598352,2.4993408,-8,-8,-8,-8,0,0,0,0,1,1,1,-2.5072517,7.4325871
qn4005,是否是个体劳动者协会成员,23665,-.80431014,2.4794521,-8,-8,-8,-8,0,0,0,0,0,1,1,-2.5344732,7.506238
qn1101,对本县市政府评价,23665,1.3561378,3.3629377,-8,-8,-8,-8,2,2,3,4,4,5,5,-2.1598489,6.4278455
qn6012,环境保护,23665,-3.8308051,6.555378,-8,-8,-8,-8,-8,-8,3,7,8,10,10,1.0315886,2.2484384
qn6013,贫富差距,23665,-3.5886753,6.8999238,-8,-8,-8,-8,-8,-8,5,8,10,10,10,.99943167,2.1405418
qn6014,就业问题,23665,-3.684006,6.7564015,-8,-8,-8,-8,-8,-8,5,8,9,10,10,1.0035064,2.1536531
qn6015,教育问题,23665,-3.7198393,6.7305503,-8,-8,-8,-8,-8,-8,4,8,10,10,10,1.027644,2.225374
qn6016,医疗问题,23665,-3.7166278,6.7320733,-8,-8,-8,-8,-8,-8,4,8,10,10,10,1.0263149,2.2243693
qn6017,住房问题,23665,-3.8131418,6.588099,-8,-8,-8,-8,-8,-8,3,8,9,10,10,1.0335482,2.2499309
qn6018,社会保障,23665,-3.8914008,6.466095,-8,-8,-8,-8,-8,-8,3,7,8,10,10,1.0372306,2.2688966
qn6011,政府腐败,23665,-3.8752589,6.5185986,-8,-8,-8,-8,-8,-8,3,7,9,10,10,1.0585337,2.3310175
qn6019,养老,23665,5.0315232,5.1805816,-8,-8,-8,-8,4,6,8,10,10,10,10,-1.5198809,4.4805689
qn6020,托幼,23665,4.3246989,4.9957089,-8,-8,-8,-8,3,5,8,10,10,10,10,-1.3906462,4.2383285
qn7,村/居委会选举投票,23665,2.1460807,3.9584451,-8,-8,-8,-8,1,5,5,5,5,5,5,-1.5957677,4.7156982
qd5,购买福利住房,23665,-.83815759,2.4666996,-8,-8,-8,-8,0,0,0,0,0,0,1,-2.553406,7.5403295
qd501,购买福利房年份,23665,9.7934084,188.47293,-8,-8,-8,-8,-8,-8,-8,-8,-8,-8,2022,10.499949,111.25254
qp101,当前身高（厘米）,23665,159.48857,28.636711,-8,-8,145,150,158,164,170,175,178,183,210,-5.04111,29.567451
qp102,当前体重（斤）,23665,120.65763,32.698757,-8,-8,74,90,105,120,140,160,170,190,260,-1.1326218,7.1082821
qa101,出生时的体重(斤),23665,-7.8861399,1.1142068,-8,-8,-8,-8,-8,-8,-8,-8,-8,-1,10,10.814276,127.74077
qp103,习惯用手,23665,3.0161419,4.4654307,-8,-8,-8,-8,5,5,5,5,5,5,5,-1.9793864,5.080287
qp201,健康状况,27001,2.6347172,1.9224427,-8,-8,1,1,2,3,3,5,5,5,5,-3.0657001,18.411356
qp202,健康变化情况,23665,3.023072,2.0670533,-8,-8,1,1,3,3,5,5,5,5,5,-3.2079501,18.02416
qp301,过去两周身体是否不适,23665,-.61584616,2.5765877,-8,-8,-8,-8,0,0,0,1,1,1,1,-2.429332,7.1905422
qp303,您觉得病伤程度,23665,-5.4267483,4.7248378,-8,-8,-8,-8,-8,-8,-8,3,5,5,5,1.336989,2.8916965
qp304,看过医生吗,23665,-5.546165,4.5587029,-8,-8,-8,-8,-8,-8,-8,1,5,5,5,1.4229182,3.2653925
qp401,半年内是否有慢性疾病,23665,-.70940208,2.5353532,-8,-8,-8,-8,0,0,0,1,1,1,1,-2.4637737,7.289156
qc401,过去12个月是否因病住院,23665,-.080456369,1.2229979,-8,-8,0,0,0,0,0,0,1,1,1,-5.9008307,38.697807
qc7a,住院总费用（元）,23665,1623.2435,11143.903,-8,-8,-8,-8,-8,-8,-8,-8,7000,38000,400000,15.869588,367.14618
qc7b,其他伤病花费（元）,23665,1412.5377,7618.4067,-8,-8,-8,-8,0,0,1000,3000,6000,20000,800000,54.773342,5213.0625
metotal,医疗总花费,23666,3043.1174,14254.421,-8,-8,-8,0,0,50,1000,6000,13000,52000,800000,17.618841,595.79993
qc701,医疗费用自付花费（元）,23665,1899.6305,8724.7949,-8,-8,-8,-8,-8,0,1000,4000,8000,32000,500000,19.269457,705.68781
qq701a,近一年您生病时谁照顾,23665,5.5519967,7.9441037,-8,-8,1,1,2,3,9,10,10,10,77,6.2834659,57.759483
qp601,一般去哪里看病,23665,1.6274667,3.6710114,-8,-8,-8,-8,1,2,4,5,5,5,5,-1.7102462,5.2105556
qp602,对看病点条件满意度,23665,2.5035284,3.7865303,-8,-8,-8,-8,3,4,4,5,5,5,5,-2.3008478,6.6018114
qp603,看病点医疗水平,23665,2.4000845,3.7813821,-8,-8,-8,-8,3,4,4,5,5,5,5,-2.2265837,6.3947892
qp605_s_1,医疗保险类型：选择1,23665,7.9519119,19.508291,-8,-8,-8,-8,2,5,5,6,78,78,78,3.1346152,11.5502
qp605_s_2,医疗保险类型：选择2,23665,-7.5219522,2.3559661,-8,-8,-8,-8,-8,-8,-8,-8,-8,5,6,4.7905493,24.269144
qp605_s_3,医疗保险类型：选择3,23665,-7.9506865,.77358812,-8,-8,-8,-8,-8,-8,-8,-8,-8,-8,6,15.815309,254.06505
qp605_s_4,医疗保险类型：选择4,23665,-7.988802,.37815791,-8,-8,-8,-8,-8,-8,-8,-8,-8,-8,6,34.120693,1176.7465
qp605_s_5,医疗保险类型：选择5,23665,-7.9979715,.15842129,-8,-8,-8,-8,-8,-8,-8,-8,-8,-8,6,80.187057,6573.269
qp605_a_1,享有哪些医疗保险：公费医疗,23665,-.95761675,2.6285453,-8,-8,-8,-8,0,0,0,0,0,1,1,-2.2971365,6.3070688
qp605_a_2,享有哪些医疗保险：城镇职工医疗保险,23665,-.79966193,2.7101281,-8,-8,-8,-8,0,0,0,1,1,1,1,-2.2183518,6.1185632
qp605_a_3,享有哪些医疗保险：城镇居民医疗保险（含一老一小保,23665,-.91202199,2.6533179,-8,-8,-8,-8,0,0,0,0,1,1,1,-2.2687826,6.2417202
qp605_a_4,享有哪些医疗保险：补充医疗保险,23665,-.9521234,2.6315842,-8,-8,-8,-8,0,0,0,0,0,1,1,-2.2934535,6.2986965
qp605_a_5,享有哪些医疗保险：新型农村合作医疗,23665,-.48949927,2.8381042,-8,-8,-8,-8,0,0,1,1,1,1,1,-2.1886084,6.0205326
qp605_a_6,享有哪些医疗保险：城乡居民基本医疗保险,23665,-.89076698,2.664521,-8,-8,-8,-8,0,0,0,0,1,1,1,-2.2572157,6.2143946
qp605_a_78,享有哪些医疗保险：以上都没有,23665,-.90678215,2.6560998,-8,-8,-8,-8,0,0,0,0,1,1,1,-2.265837,6.2348022
qp701n,锻炼身体的频率（次）,23665,5.9270229,3.0514448,-8,-8,2,3,4,8,8,8,8,8,8,-2.2851155,10.190834
qp702n,锻炼时长（分钟）,23665,19.694613,40.13063,-8,-8,-8,-8,-8,-8,40,60,90,180,300,2.1743941,10.616816
qp801n,蛋白质摄入,23665,.73103738,1.3428663,-8,-8,0,1,1,1,1,1,1,1,1,-6.1365762,39.882275
qp802n,蔬果摄入,23665,.78436512,1.3325294,-8,-8,1,1,1,1,1,1,1,1,1,-6.3912234,42.142822
qq201,过去一月您吸烟吗,23665,.057806887,1.2889785,-8,-8,0,0,0,0,0,1,1,1,1,-5.3588367,34.143879
qq202,每天吸烟量（支）,23665,-2.8604691,10.254831,-8,-8,-8,-8,-8,-8,-8,15,20,30,100,2.0454082,7.2461586
qq204,是否曾经吸烟,23665,-1.9905345,3.5613756,-8,-8,-8,-8,-8,0,0,0,1,1,1,-1.0807031,2.2028892
qq2011,开始吸烟年龄（岁）,23665,-7.0179167,5.2285104,-8,-8,-8,-8,-8,-8,-8,-8,-8,20,65,5.5761662,35.622414
qq205,戒烟年龄（岁）,23665,-4.0443273,14.318551,-8,-8,-8,-8,-8,-8,-8,-8,35,62,86,3.6961617,15.791929
qq301,过去一月每周喝酒超过3次吗,23665,-.069258399,1.2406085,-8,-8,0,0,0,0,0,1,1,1,1,-5.7805977,37.465469
qq401,您是否午休,23665,.4103106,1.3618468,-8,-8,0,0,0,1,1,1,1,1,1,-5.2381096,32.603233
qq402,午休时长（分）,23665,29.885443,40.379883,-8,-8,-8,-8,-8,30,60,90,120,120,240,1.0439388,4.1739802
qq403a,晚上睡觉时间（点）,23665,20.679358,5.7262053,-8,-8,3,20,21,22,23,23,24,24,24,-3.9735205,18.166924
qq403b,晚上睡觉时间（分）,23665,8.3893938,13.764529,-8,-8,0,0,0,0,30,30,30,30,59,1.0072631,2.267117
qq400,是否有工作日及休息日的区分,23665,.13758716,1.3186204,-8,-8,0,0,0,0,1,1,1,1,1,-5.196166,32.66827
qq4001,是否工作日,23665,-7.7954783,1.4709567,-8,-8,-8,-8,-8,-8,-8,-8,-8,1,5,7.3070354,56.26543
qq4010,睡眠时长（小时/天）,23665,6.8312192,3.385323,-8,-8,4,5.5999999,7,7.5,8,9,10,11,24,-3.4453642,15.729021
qq4011,工作日睡眠时长(小时/天),23665,-7.7022986,2.1119747,-8,-8,-8,-8,-8,-8,-8,-8,-8,7,12,6.99333,50.176472
qq4012,休息日睡眠时长(小时/天),23665,-7.6886964,2.2092521,-8,-8,-8,-8,-8,-8,-8,-8,-8,8,14,7.005024,50.425182
qq9010n,干家务时长（小时/天）,23665,-1.3716036,5.039854,-8,-8,-8,-8,-8,.5,2,4,5,8,20,-.27118352,1.8100109
qq9011n,工作日干家务时长(小时/天),23665,-5.0335603,4.4167948,-8,-8,-8,-8,-8,-8,.5,1.5,2,5,17,.91439223,2.1320038
qq9012,休息日干家务时长(小时/天),23665,-4.8742237,4.6616921,-8,-8,-8,-8,-8,-8,.5,2,3,5,15.5,.91822201,2.1120024
qq91,干家务时长（小时/天）,23665,-7.648468,1.8832698,-8,-8,-8,-8,-8,-8,-8,-8,-8,2.5,24,5.5364499,35.340534
qq921,购买日用品（分钟/天）,23665,-5.1959009,13.74417,-8,-8,-8,-8,-8,-8,-8,-8,4,60,300,7.3209291,78.569496
qq922,做饭洗碗（分钟/天）,23665,-4.0922036,20.098858,-8,-8,-8,-8,-8,-8,-8,-8,10,120,300,7.3082557,68.278061
qq923,熨烫整理（分钟/天）,23665,-5.5444326,12.170942,-8,-8,-8,-8,-8,-8,-8,-8,5,60,240,7.5124888,79.986244
qq924,清扫房间（分钟/天）,23665,-5.4561591,12.405417,-8,-8,-8,-8,-8,-8,-8,-8,10,60,300,7.6245427,89.407318
qq925,照顾家人（分钟/天）,23665,-3.4955842,34.014626,-8,-8,-8,-8,-8,-8,-8,-8,0,120,600,12.425519,185.6315
qq926,其他家务（分钟/天）,23665,-5.8335938,13.807926,-8,-8,-8,-8,-8,-8,-8,-8,0,60,480,14.125402,324.45493
qq93,配偶工作日家务时间(分钟/天),23665,-2.4106486,32.030422,-8,-8,-8,-8,-8,-8,-8,-8,15,120,900,10.019546,148.59459
qq94,配偶休息日家务(分钟/天),23665,-1.5309106,34.99707,-8,-8,-8,-8,-8,-8,-8,-8,30,180,900,8.8091869,113.08447
qq95,购买服务积极性,23665,-7.257638,2.7485027,-8,-8,-8,-8,-8,-8,-8,-8,3,4,5,3.486239,13.32605
qq1001,"看电视,电影时长(小时/周)",23665,7.7073989,10.027557,-8,-8,0,0,1,5,12,20,24.5,42,150,3.3028429,27.115486
qq9012n,照顾家人时长（小时/天）,23665,.76164377,3.7982624,-8,-8,-8,-1,0,1,2,4,6,12,24,.16192581,8.824028
qq9013,照顾孩子时长（小时/天）,23665,-4.896615,5.1921563,-8,-8,-8,-8,-8,-8,0,2,4,10,24,1.6344903,5.9153481
qq1002,和家人吃饭次数(晚/周),23665,4.1634059,4.6713266,-8,-8,-8,-1,2,7,7,7,7,7,7,-1.6906351,4.718699
qq1101,是否读书,23665,.17304036,1.3296052,-8,-8,0,0,0,0,1,1,1,1,1,-5.1576791,32.272327
qq1102,总阅读量（本）,23665,-2.8393407,13.567668,-8,-8,-8,-8,-8,-8,2,5,10,30,500,17.090994,513.02197
qq501,能记住主要事情吗,23665,2.8116205,2.0805309,-8,-8,1,1,2,3,4,5,5,5,5,-3.0940685,16.764992
qn406,我感到情绪低落,23665,1.5635749,1.6649324,-8,-8,1,1,1,2,2,3,4,4,4,-4.0968986,24.999828
qn407,我觉得做任何事都很费劲,23665,1.5361081,1.6867293,-8,-8,1,1,1,2,2,3,4,4,4,-3.8616841,23.530155
qn411,我的睡眠不好,23665,1.604775,1.7388015,-8,-8,1,1,1,2,2,3,4,4,4,-3.5742636,21.516939
qn412,我感到愉快,23665,2.7507713,1.8774809,-8,-8,1,2,2,3,4,4,4,4,4,-4.2377715,24.618336
qn414,我感到孤独,23665,1.3222058,1.6241993,-8,-8,1,1,1,1,2,2,3,4,4,-4.0430532,25.105135
qn416,我生活快乐,23665,2.8422987,1.880398,-8,-8,1,2,2,3,4,4,4,4,4,-4.3452778,25.302071
qn418,我感到悲伤难过,23665,1.3514473,1.5977293,-8,-8,1,1,1,1,2,2,3,4,4,-4.3606801,27.02383
qn420,我觉得生活无法继续,23665,1.046947,1.5123847,-8,-8,1,1,1,1,1,2,2,4,4,-4.6252375,29.593132
cesd20sc,CESD20SC构建分数,23665,32.27919,10.44503,-8,-8,22,22,26,32,38,44,48,58,72,-.89777714,7.4947195
cesd8,CESD8分数,23665,13.074244,5.3439922,-8,-8,8,8,10,13,16,19,21,26,32,-1.0480525,7.8647275
qn2,与父母争吵次数（次/月）,23665,-7.2289033,2.7308326,-8,-8,-8,-8,-8,-8,-8,-8,0,3,50,4.833014,44.217018
qn201,与父母谈心次数（次/月）,23665,-7.0616946,3.5096815,-8,-8,-8,-8,-8,-8,-8,-8,1,6,50,5.3754115,45.518639
qn3,过去一月父母争吵次数(次/月),23665,-7.2916121,2.4606657,-8,-8,-8,-8,-8,-8,-8,-8,0,2,30,3.8728404,23.554228
whichwordlist,受访者回答的题组：词组,23665,-7.566237,2.2885051,-8,-8,-8,-8,-8,-8,-8,-8,-8,6,8,5.2600617,29.603504
whichmathlist,受访者回答的题组：数学,23665,-7.6248469,1.9570847,-8,-8,-8,-8,-8,-8,-8,-8,-8,3,4,5.0784144,27.073975
wordtest22_sc2,22年词组测试题得分：22年问卷算法,23665,-7.1688991,4.8613548,-8,-8,-8,-8,-8,-8,-8,-8,-8,24,34,6.3265648,43.399551
wordtest22,22年词组测试题得分：与10年可比算法,23665,-7.1660256,4.8711624,-8,-8,-8,-8,-8,-8,-8,-8,-8,24,34,6.3104033,43.174847
mathtest22_sc2,22年数学测试题得分：22年问卷算法,23665,-7.4715405,2.968401,-8,-8,-8,-8,-8,-8,-8,-8,-8,9,24,6.1562629,43.39661
mathtest22,22年数学测试题得分：与10年可比算法,23665,-7.4218464,3.26403,-8,-8,-8,-8,-8,-8,-8,-8,-8,12,24,6.1197872,41.8018
qq1011,能否独立户外活动,25851,-3.5346794,4.4557991,-8,-8,-8,-8,-8,0,1,1,1,1,1,-.00020569678,1.0074143
qq1012,能否独立进餐,25851,-3.4969246,4.4896979,-8,-8,-8,-8,-8,0,1,1,1,1,1,-.0049510566,1.001862
qq1013,能否独立厨房活动,25851,-3.5287223,4.4614897,-8,-8,-8,-8,-8,0,1,1,1,1,1,-.00081399304,1.0065062
qq1014,能够独立使用公共交通,25851,-3.581022,4.4138217,-8,-8,-8,-8,-8,0,1,1,1,1,1,.00507086,1.013703
qq1015,能否独立购物,25851,-3.5403659,4.4509473,-8,-8,-8,-8,-8,0,1,1,1,1,1,.00056531798,1.0081611
qq1016,能否独立清洁卫生,25851,-3.5194769,4.4698124,-8,-8,-8,-8,-8,0,1,1,1,1,1,-.001956827,1.0051583
qq1017,能否独立洗衣,25851,-3.5267107,4.4633403,-8,-8,-8,-8,-8,0,1,1,1,1,1,-.0010235399,1.006237
qv01,14岁前健康状况,23665,-6.3759136,3.68153,-8,-8,-8,-8,-8,-8,-8,1,2,3,5,1.8641028,4.588275
qv02,14岁领袖气质,23665,-5.9620113,4.6223178,-8,-8,-8,-8,-8,-8,-8,5,5,5,5,1.8559219,4.503324
qv03,14岁冒险精神,23665,-6.16573,4.1392779,-8,-8,-8,-8,-8,-8,-8,3,3,4,5,1.8238732,4.3535471
qv04,14岁家庭地位,23665,-6.1787448,4.1257691,-8,-8,-8,-8,-8,-8,-8,3,3,5,5,1.8546231,4.5210791
qv101a,父亲出生日期（年）,23665,117.78035,481.81747,-8,-8,-8,-8,-8,-8,-8,-8,1956,1979,1991,3.5755303,13.785574
qv101c,父亲年龄,23665,-6.6916966,9.685462,-8,-8,-8,-8,-8,-8,-8,-8,-8,56,120,7.9803777,69.062691
qv102,您14岁时父亲教育程度,23665,-6.9940839,4.158524,-8,-8,-8,-8,-8,-8,-8,-8,2,4,79,11.163203,211.26753
qv104,您14岁时父亲政治面貌,23665,-6.9973803,3.2762299,-8,-8,-8,-8,-8,-8,-8,-8,4,4,4,2.986165,9.982542
qv201y,您母亲出生日期（年）,23665,122.65075,490.72418,-8,-8,-8,-8,-8,-8,-8,-8,1962,1981,1998,3.4948275,13.214845
qv201b,您母亲的年龄,23665,-6.8279314,9.1619682,-8,-8,-8,-8,-8,-8,-8,-8,-8,53,120,8.4024401,75.949089
qv202,您14岁时母亲教育程度,23665,-7.0193958,4.1006198,-8,-8,-8,-8,-8,-8,-8,-8,2,4,79,11.561907,223.42867
qv204,您14岁时母亲政治面貌,23665,-6.975956,3.3376281,-8,-8,-8,-8,-8,-8,-8,-8,4,4,4,2.9612694,9.7911406
qz101pid_a_1,其他参与回答问卷的家庭成员1,23665,37579784,124038224,-8,-8,78,78,78,78,78,78,410799104,620138112,963610432,3.3557606,13.300041
qz101pid_a_2,其他参与回答问卷的家庭成员2,23665,220376992,226782512,-8,-8,-8,-8,-8,145120656,411172096,530058112,620551104,621598080,5358801408,1.5449687,25.496565
qz102_s_1,家庭成员之外谁在场：选择1,23665,-5.8739066,13.041434,-8,-8,-8,-8,-8,-8,-8,-8,-8,78,78,6.2385669,40.119156
qz102_s_2,家庭成员之外谁在场：选择2,23665,-7.9779844,1.2528793,-8,-8,-8,-8,-8,-8,-8,-8,-8,-8,77,66.168541,4473.9399
qz102_s_3,家庭成员之外谁在场：选择3,23665,-7.9991126,.097505517,-8,-8,-8,-8,-8,-8,-8,-8,-8,-8,4,111.978,12758.205
qz103,访问使用的主要语言,24815,1.6966754,2.2102718,-8,-8,1,1,1,1,1,5,5,5,5,-1.141049,9.3054428
qz202,健康状况,23665,-7.5364885,2.4508414,-8,-8,-8,-8,-8,-8,-8,-8,-8,6,7,5.1588182,27.915501
qz203,衣装整洁程度,23665,-7.5369954,2.446243,-8,-8,-8,-8,-8,-8,-8,-8,-8,6,7,5.1477404,27.772133
qz204,外貌,23665,-7.5390239,2.4349222,-8,-8,-8,-8,-8,-8,-8,-8,-8,6,7,5.1443543,27.729656
qz207,智力水平,23665,4.9769278,2.5015664,-8,-8,2,3,4,5,7,7,7,7,7,-3.275444,17.165985
qz5,急于结束调查的程度,23665,1.6409888,2.0132866,-8,-8,1,1,1,1,2,4,5,7,7,-1.8299181,13.704667
pg02,过去12个月是否有工作（代答）,3336,-3.5773382,4.0066681,-8,-8,-8,-8,-8,0,0,0,0,1,1,-.194181,1.046466
cfps2022edu,CFPS2022个人问卷受访者已完成的最高学历,27001,2.9312987,1.5313944,-9,1,1,1,2,3,4,5,6,6,8,.2443153,4.4823585
cfps2022sch,CFPS2022个人问卷受访者离校/上学阶段,27001,1.9703344,4.0499806,-9,-9,-9,-9,2,3,4,5,6,6,8,-1.9717391,5.9330339
cfps2022eduy,CFPS2022个人问卷受访者已完成的受教育年限,27001,5.8410802,8.1089964,-9,-9,-9,-9,0,9,12,15,16,16,23,-.75290591,2.4308352
cfps2022eduy_im,CFPS2022个人问卷受访者已完成的受教育年限,27001,6.8663011,7.120069,-9,-9,-9,-9,4,9,12,15,16,16,23,-.91679585,3.2041624
interviewerid22,访员编码,27001,573740.19,269207.63,101944,103829,134691,180171,347375,587384,818090,935269,965667,982188,999353,-.13988705,1.7811146
